-- phpMyAdmin SQL Dump
-- version 4.8.4
-- https://www.phpmyadmin.net/
--
-- Host: 127.0.0.1
-- Generation Time: Dec 30, 2020 at 07:55 PM
-- Server version: 10.1.37-MariaDB
-- PHP Version: 7.3.1

SET SQL_MODE = "NO_AUTO_VALUE_ON_ZERO";
SET AUTOCOMMIT = 0;
START TRANSACTION;
SET time_zone = "+00:00";


/*!40101 SET @OLD_CHARACTER_SET_CLIENT=@@CHARACTER_SET_CLIENT */;
/*!40101 SET @OLD_CHARACTER_SET_RESULTS=@@CHARACTER_SET_RESULTS */;
/*!40101 SET @OLD_COLLATION_CONNECTION=@@COLLATION_CONNECTION */;
/*!40101 SET NAMES utf8mb4 */;

--
-- Database: `belajar_api`
--

-- --------------------------------------------------------

--
-- Table structure for table `failed_jobs`
--

CREATE TABLE `failed_jobs` (
  `id` bigint(20) UNSIGNED NOT NULL,
  `uuid` varchar(191) COLLATE utf8mb4_unicode_ci NOT NULL,
  `connection` text COLLATE utf8mb4_unicode_ci NOT NULL,
  `queue` text COLLATE utf8mb4_unicode_ci NOT NULL,
  `payload` longtext COLLATE utf8mb4_unicode_ci NOT NULL,
  `exception` longtext COLLATE utf8mb4_unicode_ci NOT NULL,
  `failed_at` timestamp NOT NULL DEFAULT CURRENT_TIMESTAMP
) ENGINE=InnoDB DEFAULT CHARSET=utf8mb4 COLLATE=utf8mb4_unicode_ci;

-- --------------------------------------------------------

--
-- Table structure for table `migrations`
--

CREATE TABLE `migrations` (
  `id` int(10) UNSIGNED NOT NULL,
  `migration` varchar(191) COLLATE utf8mb4_unicode_ci NOT NULL,
  `batch` int(11) NOT NULL
) ENGINE=InnoDB DEFAULT CHARSET=utf8mb4 COLLATE=utf8mb4_unicode_ci;

--
-- Dumping data for table `migrations`
--

INSERT INTO `migrations` (`id`, `migration`, `batch`) VALUES
(1, '2014_10_12_000000_create_users_table', 1),
(2, '2014_10_12_100000_create_password_resets_table', 1),
(3, '2014_10_12_200000_add_two_factor_columns_to_users_table', 1),
(4, '2016_06_01_000001_create_oauth_auth_codes_table', 1),
(5, '2016_06_01_000002_create_oauth_access_tokens_table', 1),
(6, '2016_06_01_000003_create_oauth_refresh_tokens_table', 1),
(7, '2016_06_01_000004_create_oauth_clients_table', 1),
(8, '2016_06_01_000005_create_oauth_personal_access_clients_table', 1),
(9, '2018_09_26_163300_student_register', 1),
(10, '2019_08_19_000000_create_failed_jobs_table', 1),
(11, '2019_12_14_000001_create_personal_access_tokens_table', 1),
(12, '2020_12_28_162501_create_sessions_table', 1);

-- --------------------------------------------------------

--
-- Table structure for table `oauth_access_tokens`
--

CREATE TABLE `oauth_access_tokens` (
  `id` varchar(100) COLLATE utf8mb4_unicode_ci NOT NULL,
  `user_id` bigint(20) UNSIGNED DEFAULT NULL,
  `client_id` bigint(20) UNSIGNED NOT NULL,
  `name` varchar(191) COLLATE utf8mb4_unicode_ci DEFAULT NULL,
  `scopes` text COLLATE utf8mb4_unicode_ci,
  `revoked` tinyint(1) NOT NULL,
  `created_at` timestamp NULL DEFAULT NULL,
  `updated_at` timestamp NULL DEFAULT NULL,
  `expires_at` datetime DEFAULT NULL
) ENGINE=InnoDB DEFAULT CHARSET=utf8mb4 COLLATE=utf8mb4_unicode_ci;

--
-- Dumping data for table `oauth_access_tokens`
--

INSERT INTO `oauth_access_tokens` (`id`, `user_id`, `client_id`, `name`, `scopes`, `revoked`, `created_at`, `updated_at`, `expires_at`) VALUES
('c706384300b6040433cfe1736315d14900db1915dd0dbc64a4f8015e5c01a305a4285bb50c662561', NULL, 3, NULL, '[]', 0, '2020-12-30 11:10:58', '2020-12-30 11:10:58', '2021-12-30 18:10:58');

-- --------------------------------------------------------

--
-- Table structure for table `oauth_auth_codes`
--

CREATE TABLE `oauth_auth_codes` (
  `id` varchar(100) COLLATE utf8mb4_unicode_ci NOT NULL,
  `user_id` bigint(20) UNSIGNED NOT NULL,
  `client_id` bigint(20) UNSIGNED NOT NULL,
  `scopes` text COLLATE utf8mb4_unicode_ci,
  `revoked` tinyint(1) NOT NULL,
  `expires_at` datetime DEFAULT NULL
) ENGINE=InnoDB DEFAULT CHARSET=utf8mb4 COLLATE=utf8mb4_unicode_ci;

-- --------------------------------------------------------

--
-- Table structure for table `oauth_clients`
--

CREATE TABLE `oauth_clients` (
  `id` bigint(20) UNSIGNED NOT NULL,
  `user_id` bigint(20) UNSIGNED DEFAULT NULL,
  `name` varchar(191) COLLATE utf8mb4_unicode_ci NOT NULL,
  `secret` varchar(100) COLLATE utf8mb4_unicode_ci DEFAULT NULL,
  `provider` varchar(191) COLLATE utf8mb4_unicode_ci DEFAULT NULL,
  `redirect` text COLLATE utf8mb4_unicode_ci NOT NULL,
  `personal_access_client` tinyint(1) NOT NULL,
  `password_client` tinyint(1) NOT NULL,
  `revoked` tinyint(1) NOT NULL,
  `created_at` timestamp NULL DEFAULT NULL,
  `updated_at` timestamp NULL DEFAULT NULL
) ENGINE=InnoDB DEFAULT CHARSET=utf8mb4 COLLATE=utf8mb4_unicode_ci;

--
-- Dumping data for table `oauth_clients`
--

INSERT INTO `oauth_clients` (`id`, `user_id`, `name`, `secret`, `provider`, `redirect`, `personal_access_client`, `password_client`, `revoked`, `created_at`, `updated_at`) VALUES
(1, NULL, 'Laravel Personal Access Client', 'JCjG7WtIjpSKinVSfJNs2UN9oYyvBdJxZiuo33qt', NULL, 'http://localhost', 1, 0, 0, '2020-12-30 10:29:37', '2020-12-30 10:29:37'),
(2, NULL, 'Laravel Password Grant Client', 'gArLmaHJ8oJ3ZGM2OggbBsMcS4blurKg9h9vpPGC', 'users', 'http://localhost', 0, 1, 0, '2020-12-30 10:29:37', '2020-12-30 10:29:37'),
(3, 3, 'abc', 'uk7m9l7jVaNhyl3c6fIdjtXczcaFPeYz3VjiVmXs', NULL, 'http://localhost/auth/callback', 0, 0, 0, '2020-12-30 11:08:28', '2020-12-30 11:08:28');

-- --------------------------------------------------------

--
-- Table structure for table `oauth_personal_access_clients`
--

CREATE TABLE `oauth_personal_access_clients` (
  `id` bigint(20) UNSIGNED NOT NULL,
  `client_id` bigint(20) UNSIGNED NOT NULL,
  `created_at` timestamp NULL DEFAULT NULL,
  `updated_at` timestamp NULL DEFAULT NULL
) ENGINE=InnoDB DEFAULT CHARSET=utf8mb4 COLLATE=utf8mb4_unicode_ci;

--
-- Dumping data for table `oauth_personal_access_clients`
--

INSERT INTO `oauth_personal_access_clients` (`id`, `client_id`, `created_at`, `updated_at`) VALUES
(1, 1, '2020-12-30 10:29:37', '2020-12-30 10:29:37');

-- --------------------------------------------------------

--
-- Table structure for table `oauth_refresh_tokens`
--

CREATE TABLE `oauth_refresh_tokens` (
  `id` varchar(100) COLLATE utf8mb4_unicode_ci NOT NULL,
  `access_token_id` varchar(100) COLLATE utf8mb4_unicode_ci NOT NULL,
  `revoked` tinyint(1) NOT NULL,
  `expires_at` datetime DEFAULT NULL
) ENGINE=InnoDB DEFAULT CHARSET=utf8mb4 COLLATE=utf8mb4_unicode_ci;

-- --------------------------------------------------------

--
-- Table structure for table `password_resets`
--

CREATE TABLE `password_resets` (
  `email` varchar(191) COLLATE utf8mb4_unicode_ci NOT NULL,
  `token` varchar(191) COLLATE utf8mb4_unicode_ci NOT NULL,
  `created_at` timestamp NULL DEFAULT NULL
) ENGINE=InnoDB DEFAULT CHARSET=utf8mb4 COLLATE=utf8mb4_unicode_ci;

-- --------------------------------------------------------

--
-- Table structure for table `personal_access_tokens`
--

CREATE TABLE `personal_access_tokens` (
  `id` bigint(20) UNSIGNED NOT NULL,
  `tokenable_type` varchar(191) COLLATE utf8mb4_unicode_ci NOT NULL,
  `tokenable_id` bigint(20) UNSIGNED NOT NULL,
  `name` varchar(191) COLLATE utf8mb4_unicode_ci NOT NULL,
  `token` varchar(64) COLLATE utf8mb4_unicode_ci NOT NULL,
  `abilities` text COLLATE utf8mb4_unicode_ci,
  `last_used_at` timestamp NULL DEFAULT NULL,
  `created_at` timestamp NULL DEFAULT NULL,
  `updated_at` timestamp NULL DEFAULT NULL
) ENGINE=InnoDB DEFAULT CHARSET=utf8mb4 COLLATE=utf8mb4_unicode_ci;

-- --------------------------------------------------------

--
-- Table structure for table `sessions`
--

CREATE TABLE `sessions` (
  `id` varchar(191) COLLATE utf8mb4_unicode_ci NOT NULL,
  `user_id` bigint(20) UNSIGNED DEFAULT NULL,
  `ip_address` varchar(45) COLLATE utf8mb4_unicode_ci DEFAULT NULL,
  `user_agent` text COLLATE utf8mb4_unicode_ci,
  `payload` text COLLATE utf8mb4_unicode_ci NOT NULL,
  `last_activity` int(11) NOT NULL
) ENGINE=InnoDB DEFAULT CHARSET=utf8mb4 COLLATE=utf8mb4_unicode_ci;

--
-- Dumping data for table `sessions`
--

INSERT INTO `sessions` (`id`, `user_id`, `ip_address`, `user_agent`, `payload`, `last_activity`) VALUES
('hJAaA7Sr3eSZJPB6SSlLjNZdV0RBskUmum8PtqPj', 1, '127.0.0.1', 'Mozilla/5.0 (Windows NT 10.0; Win64; x64) AppleWebKit/537.36 (KHTML, like Gecko) Chrome/87.0.4280.88 Safari/537.36 OPR/73.0.3856.284', 'YTo2OntzOjY6Il90b2tlbiI7czo0MDoibzdvNmNRQWc5UnFwYnB6NXI2aTBaUEs5TnlWTHJLU1ZXYUI2WFZlSyI7czo5OiJfcHJldmlvdXMiO2E6MTp7czozOiJ1cmwiO3M6MzE6Imh0dHA6Ly9sb2NhbGhvc3Q6ODAwMC9kYXNoYm9hcmQiO31zOjY6Il9mbGFzaCI7YToyOntzOjM6Im9sZCI7YTowOnt9czozOiJuZXciO2E6MDp7fX1zOjUwOiJsb2dpbl93ZWJfNTliYTM2YWRkYzJiMmY5NDAxNTgwZjAxNGM3ZjU4ZWE0ZTMwOTg5ZCI7aToxO3M6MTc6InBhc3N3b3JkX2hhc2hfd2ViIjtzOjYwOiIkMnkkMTAkb2h6dlQuOUxUWFdVTm0xa1hzZDVFdTZ6NHhlRmg3aUNoM1VVSDRaS2g3ZC5MTmlPV251WmkiO3M6MjE6InBhc3N3b3JkX2hhc2hfc2FuY3R1bSI7czo2MDoiJDJ5JDEwJG9oenZULjlMVFhXVU5tMWtYc2Q1RXU2ejR4ZUZoN2lDaDNVVUg0WktoN2QuTE5pT1dudVppIjt9', 1609353556),
('pr66WfQrnjDTH9RTzhyhd23ME6myx0uOhwfbXUHD', NULL, '127.0.0.1', 'PostmanRuntime/7.26.8', 'YTozOntzOjY6Il90b2tlbiI7czo0MDoiZVdXVkppWTRqVUNIendSMnJ4N1luZlJtY3pISHhYbloxcWFvUEFSdiI7czo5OiJfcHJldmlvdXMiO2E6MTp7czozOiJ1cmwiO3M6Mjc6Imh0dHA6Ly8xMjcuMC4wLjE6ODAwMC9sb2dpbiI7fXM6NjoiX2ZsYXNoIjthOjI6e3M6Mzoib2xkIjthOjA6e31zOjM6Im5ldyI7YTowOnt9fX0=', 1609352226);

-- --------------------------------------------------------

--
-- Table structure for table `student_academic_record`
--

CREATE TABLE `student_academic_record` (
  `id` int(10) UNSIGNED NOT NULL,
  `student_id` int(10) UNSIGNED NOT NULL,
  `academic_session_id` int(10) UNSIGNED NOT NULL,
  `grade_id` int(10) UNSIGNED NOT NULL,
  `section_id` int(10) UNSIGNED NOT NULL,
  `house_id` int(10) UNSIGNED NOT NULL,
  `entry` enum('N','D','P') COLLATE utf8mb4_unicode_ci NOT NULL,
  `created` int(10) UNSIGNED NOT NULL,
  `register_by` int(10) UNSIGNED NOT NULL,
  `modified` int(10) UNSIGNED NOT NULL,
  `modified_by` int(10) UNSIGNED NOT NULL,
  `record_deleted` tinyint(1) NOT NULL DEFAULT '0'
) ENGINE=InnoDB DEFAULT CHARSET=utf8mb4 COLLATE=utf8mb4_unicode_ci;

-- --------------------------------------------------------

--
-- Table structure for table `student_emergency_contact`
--

CREATE TABLE `student_emergency_contact` (
  `id` int(10) UNSIGNED NOT NULL,
  `name` varchar(49) COLLATE utf8mb4_unicode_ci NOT NULL DEFAULT '',
  `family_id` int(10) UNSIGNED NOT NULL DEFAULT '1',
  `relationship_id` int(10) UNSIGNED NOT NULL,
  `address_type_id` int(10) UNSIGNED NOT NULL DEFAULT '1',
  `address_id` int(10) UNSIGNED NOT NULL DEFAULT '1',
  `created` int(10) UNSIGNED NOT NULL,
  `register_by` int(10) UNSIGNED NOT NULL,
  `modified` int(10) UNSIGNED NOT NULL,
  `modified_by` int(10) UNSIGNED NOT NULL,
  `record_deleted` tinyint(1) NOT NULL DEFAULT '0'
) ENGINE=InnoDB DEFAULT CHARSET=utf8mb4 COLLATE=utf8mb4_unicode_ci;

--
-- Dumping data for table `student_emergency_contact`
--

INSERT INTO `student_emergency_contact` (`id`, `name`, `family_id`, `relationship_id`, `address_type_id`, `address_id`, `created`, `register_by`, `modified`, `modified_by`, `record_deleted`) VALUES
(1, 'Atif Naseem', 1, 2, 1, 1, 1609349288, 1, 1609349288, 1, 0);

-- --------------------------------------------------------

--
-- Table structure for table `student_family`
--

CREATE TABLE `student_family` (
  `id` int(10) UNSIGNED NOT NULL,
  `name` varchar(99) COLLATE utf8mb4_unicode_ci DEFAULT NULL,
  `first_name` varchar(49) COLLATE utf8mb4_unicode_ci NOT NULL DEFAULT '',
  `last_name` varchar(49) COLLATE utf8mb4_unicode_ci NOT NULL DEFAULT '',
  `relationship_id` int(10) UNSIGNED NOT NULL,
  `marital_status_id` int(10) UNSIGNED NOT NULL DEFAULT '1',
  `nationality` varchar(99) COLLATE utf8mb4_unicode_ci NOT NULL DEFAULT '',
  `family_id` int(10) UNSIGNED NOT NULL,
  `mobile_phone` varchar(99) COLLATE utf8mb4_unicode_ci NOT NULL DEFAULT '',
  `email` varchar(99) COLLATE utf8mb4_unicode_ci NOT NULL DEFAULT '',
  `nic` varchar(99) COLLATE utf8mb4_unicode_ci NOT NULL,
  `card_code` varchar(99) COLLATE utf8mb4_unicode_ci NOT NULL,
  `image` varchar(99) COLLATE utf8mb4_unicode_ci NOT NULL DEFAULT '',
  `profession_id` int(10) UNSIGNED NOT NULL DEFAULT '1',
  `q1` int(10) UNSIGNED NOT NULL DEFAULT '1',
  `q2` int(10) UNSIGNED NOT NULL DEFAULT '1',
  `w1` int(10) UNSIGNED NOT NULL DEFAULT '1',
  `created` int(10) UNSIGNED NOT NULL,
  `register_by` int(10) UNSIGNED NOT NULL,
  `modified` int(10) UNSIGNED NOT NULL,
  `modified_by` int(10) UNSIGNED NOT NULL,
  `record_deleted` tinyint(1) NOT NULL DEFAULT '0'
) ENGINE=InnoDB DEFAULT CHARSET=utf8mb4 COLLATE=utf8mb4_unicode_ci;

--
-- Dumping data for table `student_family`
--

INSERT INTO `student_family` (`id`, `name`, `first_name`, `last_name`, `relationship_id`, `marital_status_id`, `nationality`, `family_id`, `mobile_phone`, `email`, `nic`, `card_code`, `image`, `profession_id`, `q1`, `q2`, `w1`, `created`, `register_by`, `modified`, `modified_by`, `record_deleted`) VALUES
(1, 'Atif Naseem', '', '', 2, 2, '', 1, '', '', '42101-1666', '1', '', 1, 1, 1, 1, 1609349288, 1, 1609349288, 1, 0),
(2, 'Hina Atif', '', '', 3, 2, '', 1, '', '', '42101-1677', '2', '', 1, 1, 1, 1, 1609349288, 1, 1609349288, 1, 0);

-- --------------------------------------------------------

--
-- Table structure for table `student_family_id`
--

CREATE TABLE `student_family_id` (
  `id` int(10) UNSIGNED NOT NULL,
  `family_code` int(10) UNSIGNED NOT NULL,
  `address_type_id` int(10) UNSIGNED NOT NULL DEFAULT '1',
  `address_id` int(10) UNSIGNED NOT NULL DEFAULT '1',
  `created` int(10) UNSIGNED NOT NULL,
  `register_by` int(10) UNSIGNED NOT NULL,
  `modified` int(10) UNSIGNED NOT NULL,
  `modified_by` int(10) UNSIGNED NOT NULL,
  `record_deleted` tinyint(1) NOT NULL DEFAULT '0'
) ENGINE=InnoDB DEFAULT CHARSET=utf8mb4 COLLATE=utf8mb4_unicode_ci;

--
-- Dumping data for table `student_family_id`
--

INSERT INTO `student_family_id` (`id`, `family_code`, `address_type_id`, `address_id`, `created`, `register_by`, `modified`, `modified_by`, `record_deleted`) VALUES
(1, 180001, 1, 1, 1609349288, 1, 1609349288, 1, 0);

-- --------------------------------------------------------

--
-- Table structure for table `student_register`
--

CREATE TABLE `student_register` (
  `id` int(10) UNSIGNED NOT NULL,
  `reg_id` int(10) UNSIGNED NOT NULL,
  `name` varchar(99) COLLATE utf8mb4_unicode_ci NOT NULL,
  `abridged_name` varchar(18) COLLATE utf8mb4_unicode_ci NOT NULL DEFAULT '',
  `call_name` varchar(10) COLLATE utf8mb4_unicode_ci NOT NULL DEFAULT '',
  `first_name` varchar(49) COLLATE utf8mb4_unicode_ci NOT NULL DEFAULT '',
  `last_name` varchar(49) COLLATE utf8mb4_unicode_ci NOT NULL DEFAULT '',
  `gender` enum('g','b') COLLATE utf8mb4_unicode_ci NOT NULL,
  `dob` date NOT NULL,
  `nationality` varchar(99) COLLATE utf8mb4_unicode_ci NOT NULL DEFAULT '',
  `religion_id` int(10) UNSIGNED NOT NULL DEFAULT '2',
  `academic_session_id` int(10) UNSIGNED NOT NULL,
  `academic_grade_id` int(10) UNSIGNED NOT NULL,
  `previous_school_name` varchar(49) COLLATE utf8mb4_unicode_ci NOT NULL DEFAULT '',
  `image` varchar(99) COLLATE utf8mb4_unicode_ci NOT NULL DEFAULT '',
  `mobile_phone` varchar(99) COLLATE utf8mb4_unicode_ci NOT NULL DEFAULT '',
  `email` varchar(99) COLLATE utf8mb4_unicode_ci NOT NULL DEFAULT '',
  `facebook` varchar(99) COLLATE utf8mb4_unicode_ci NOT NULL DEFAULT '',
  `linkedin` varchar(99) COLLATE utf8mb4_unicode_ci NOT NULL DEFAULT '',
  `family_id` int(10) UNSIGNED NOT NULL,
  `status_id` int(10) UNSIGNED NOT NULL DEFAULT '2',
  `sibling_no` int(10) UNSIGNED NOT NULL DEFAULT '0',
  `active_sibling_no` int(10) UNSIGNED NOT NULL DEFAULT '0',
  `card_code` varchar(99) COLLATE utf8mb4_unicode_ci NOT NULL,
  `created` int(10) UNSIGNED NOT NULL,
  `register_by` int(10) UNSIGNED NOT NULL,
  `modified` int(10) UNSIGNED NOT NULL,
  `modified_by` int(10) UNSIGNED NOT NULL,
  `record_deleted` tinyint(1) NOT NULL DEFAULT '0'
) ENGINE=InnoDB DEFAULT CHARSET=utf8mb4 COLLATE=utf8mb4_unicode_ci;

--
-- Dumping data for table `student_register`
--

INSERT INTO `student_register` (`id`, `reg_id`, `name`, `abridged_name`, `call_name`, `first_name`, `last_name`, `gender`, `dob`, `nationality`, `religion_id`, `academic_session_id`, `academic_grade_id`, `previous_school_name`, `image`, `mobile_phone`, `email`, `facebook`, `linkedin`, `family_id`, `status_id`, `sibling_no`, `active_sibling_no`, `card_code`, `created`, `register_by`, `modified`, `modified_by`, `record_deleted`) VALUES
(1, 180001, 'S Atif', 'S Atif', 'S', '', '', 'b', '2013-11-20', '', 2, 1, 7, '', '', '', '', '', '', 1, 2, 0, 0, '18-0001', 1609349288, 1, 1609349288, 1, 0),
(2, 180002, 'D Atif', 'D Atif', 'D', '', '', 'b', '2017-05-20', '', 2, 1, 6, '', '', '', '', '', '', 1, 2, 0, 0, '18-0002', 1609349288, 1, 1609349288, 1, 0);

-- --------------------------------------------------------

--
-- Table structure for table `users`
--

CREATE TABLE `users` (
  `id` bigint(20) UNSIGNED NOT NULL,
  `name` varchar(191) COLLATE utf8mb4_unicode_ci NOT NULL,
  `email` varchar(191) COLLATE utf8mb4_unicode_ci NOT NULL,
  `email_verified_at` timestamp NULL DEFAULT NULL,
  `password` varchar(191) COLLATE utf8mb4_unicode_ci NOT NULL,
  `two_factor_secret` text COLLATE utf8mb4_unicode_ci,
  `two_factor_recovery_codes` text COLLATE utf8mb4_unicode_ci,
  `remember_token` varchar(100) COLLATE utf8mb4_unicode_ci DEFAULT NULL,
  `current_team_id` bigint(20) UNSIGNED DEFAULT NULL,
  `profile_photo_path` text COLLATE utf8mb4_unicode_ci,
  `created_at` timestamp NULL DEFAULT NULL,
  `updated_at` timestamp NULL DEFAULT NULL
) ENGINE=InnoDB DEFAULT CHARSET=utf8mb4 COLLATE=utf8mb4_unicode_ci;

--
-- Dumping data for table `users`
--

INSERT INTO `users` (`id`, `name`, `email`, `email_verified_at`, `password`, `two_factor_secret`, `two_factor_recovery_codes`, `remember_token`, `current_team_id`, `profile_photo_path`, `created_at`, `updated_at`) VALUES
(1, 'ardihp', 'admin@gmail.com', NULL, '$2y$10$ohzvT.9LTXWUNm1kXsd5Eu6z4xeFh7iCh3UUH4ZKh7d.LNiOWnuZi', NULL, NULL, NULL, NULL, NULL, '2020-12-30 11:39:15', '2020-12-30 11:39:15');

-- --------------------------------------------------------

--
-- Table structure for table `_z_address`
--

CREATE TABLE `_z_address` (
  `id` int(10) UNSIGNED NOT NULL,
  `line_1` varchar(99) COLLATE utf8mb4_unicode_ci NOT NULL,
  `line_2` varchar(99) COLLATE utf8mb4_unicode_ci NOT NULL DEFAULT '',
  `line_3` varchar(99) COLLATE utf8mb4_unicode_ci NOT NULL DEFAULT '',
  `apartment_no` varchar(99) COLLATE utf8mb4_unicode_ci NOT NULL DEFAULT '',
  `building_name` varchar(99) COLLATE utf8mb4_unicode_ci NOT NULL DEFAULT '',
  `plot_no` varchar(99) COLLATE utf8mb4_unicode_ci NOT NULL DEFAULT '',
  `street_name` varchar(99) COLLATE utf8mb4_unicode_ci NOT NULL DEFAULT '',
  `country_id` int(10) UNSIGNED NOT NULL DEFAULT '1',
  `province_id` int(10) UNSIGNED NOT NULL DEFAULT '1',
  `city_id` int(10) UNSIGNED NOT NULL DEFAULT '1',
  `region_id` int(10) UNSIGNED NOT NULL DEFAULT '1',
  `subregion_id` int(10) UNSIGNED NOT NULL DEFAULT '1',
  `zip_or_postal` varchar(9) COLLATE utf8mb4_unicode_ci NOT NULL DEFAULT '',
  `phone` varchar(99) COLLATE utf8mb4_unicode_ci NOT NULL DEFAULT '',
  `note` varchar(99) COLLATE utf8mb4_unicode_ci NOT NULL DEFAULT '',
  `created` int(10) UNSIGNED NOT NULL,
  `register_by` int(10) UNSIGNED NOT NULL,
  `modified` int(10) UNSIGNED NOT NULL,
  `modified_by` int(10) UNSIGNED NOT NULL,
  `record_deleted` tinyint(1) NOT NULL DEFAULT '0'
) ENGINE=InnoDB DEFAULT CHARSET=utf8mb4 COLLATE=utf8mb4_unicode_ci;

--
-- Dumping data for table `_z_address`
--

INSERT INTO `_z_address` (`id`, `line_1`, `line_2`, `line_3`, `apartment_no`, `building_name`, `plot_no`, `street_name`, `country_id`, `province_id`, `city_id`, `region_id`, `subregion_id`, `zip_or_postal`, `phone`, `note`, `created`, `register_by`, `modified`, `modified_by`, `record_deleted`) VALUES
(1, '', '', '', '', '', '', '', 1, 1, 1, 1, 1, '', '', '', 1609349288, 1, 1609349288, 1, 0);

-- --------------------------------------------------------

--
-- Table structure for table `_z_address_type`
--

CREATE TABLE `_z_address_type` (
  `id` int(10) UNSIGNED NOT NULL,
  `name` varchar(99) COLLATE utf8mb4_unicode_ci NOT NULL,
  `description` varchar(191) COLLATE utf8mb4_unicode_ci NOT NULL DEFAULT '',
  `position` int(10) UNSIGNED NOT NULL,
  `created` int(10) UNSIGNED NOT NULL,
  `register_by` int(10) UNSIGNED NOT NULL,
  `modified` int(10) UNSIGNED NOT NULL,
  `modified_by` int(10) UNSIGNED NOT NULL,
  `record_deleted` tinyint(1) NOT NULL DEFAULT '0'
) ENGINE=InnoDB DEFAULT CHARSET=utf8mb4 COLLATE=utf8mb4_unicode_ci;

--
-- Dumping data for table `_z_address_type`
--

INSERT INTO `_z_address_type` (`id`, `name`, `description`, `position`, `created`, `register_by`, `modified`, `modified_by`, `record_deleted`) VALUES
(1, 'Residential', '', 1, 1609349288, 1, 1609349288, 1, 0),
(2, 'Work', '', 2, 1609349288, 1, 1609349288, 1, 0),
(3, 'Billing', '', 3, 1609349288, 1, 1609349288, 1, 0),
(4, 'Delivery', '', 4, 1609349288, 1, 1609349288, 1, 0);

-- --------------------------------------------------------

--
-- Table structure for table `_z_country`
--

CREATE TABLE `_z_country` (
  `id` int(10) UNSIGNED NOT NULL,
  `iso` varchar(6) COLLATE utf8mb4_unicode_ci NOT NULL,
  `name` varchar(99) COLLATE utf8mb4_unicode_ci NOT NULL DEFAULT '',
  `dname` varchar(99) COLLATE utf8mb4_unicode_ci NOT NULL DEFAULT '',
  `iso3` varchar(9) COLLATE utf8mb4_unicode_ci NOT NULL,
  `position` int(10) UNSIGNED NOT NULL,
  `numcode` smallint(6) NOT NULL,
  `phonecode` mediumint(9) NOT NULL,
  `created` int(10) UNSIGNED NOT NULL,
  `register_by` int(10) UNSIGNED NOT NULL,
  `modified` int(10) UNSIGNED NOT NULL,
  `modified_by` int(10) UNSIGNED NOT NULL,
  `record_deleted` tinyint(1) NOT NULL DEFAULT '0'
) ENGINE=InnoDB DEFAULT CHARSET=utf8mb4 COLLATE=utf8mb4_unicode_ci;

--
-- Dumping data for table `_z_country`
--

INSERT INTO `_z_country` (`id`, `iso`, `name`, `dname`, `iso3`, `position`, `numcode`, `phonecode`, `created`, `register_by`, `modified`, `modified_by`, `record_deleted`) VALUES
(1, 'XX', 'UNKNOWN', 'Unknown', 'XX', 1, 0, 0, 1609349288, 1, 1609349288, 1, 0),
(2, 'AF', 'AFGHANISTAN', 'Afghanistan', 'AFG', 2, 4, 93, 1609349288, 1, 1609349288, 1, 0),
(3, 'AL', 'ALBANIA', 'Albania', 'ALB', 3, 8, 355, 1609349288, 1, 1609349288, 1, 0),
(4, 'DZ', 'ALGERIA', 'Algeria', 'DZA', 4, 12, 213, 1609349288, 1, 1609349288, 1, 0),
(5, 'AS', 'AMERICAN SAMOA', 'American Samoa', 'ASM', 5, 16, 1684, 1609349288, 1, 1609349288, 1, 0),
(6, 'AD', 'ANDORRA', 'Andorra', 'AND', 6, 20, 376, 1609349288, 1, 1609349288, 1, 0),
(7, 'AO', 'ANGOLA', 'Angola', 'AGO', 7, 24, 244, 1609349288, 1, 1609349288, 1, 0),
(8, 'AI', 'ANGUILLA', 'Anguilla', 'AIA', 8, 660, 1264, 1609349288, 1, 1609349288, 1, 0),
(9, 'AQ', 'ANTARCTICA', 'Antarctica', 'AQ', 9, 0, 0, 1609349288, 1, 1609349288, 1, 0),
(10, 'AG', 'ANTIGUA AND BARBUDA', 'Antigua and Barbuda', 'ATG', 10, 28, 1268, 1609349288, 1, 1609349288, 1, 0),
(11, 'AR', 'ARGENTINA', 'Argentina', 'ARG', 11, 32, 54, 1609349288, 1, 1609349288, 1, 0),
(12, 'AM', 'ARMENIA', 'Armenia', 'ARM', 12, 51, 374, 1609349288, 1, 1609349288, 1, 0),
(13, 'AW', 'ARUBA', 'Aruba', 'ABW', 13, 533, 297, 1609349288, 1, 1609349288, 1, 0),
(14, 'AU', 'AUSTRALIA', 'Australia', 'AUS', 14, 36, 61, 1609349288, 1, 1609349288, 1, 0),
(15, 'AT', 'AUSTRIA', 'Austria', 'AUT', 15, 40, 43, 1609349288, 1, 1609349288, 1, 0),
(16, 'AZ', 'AZERBAIJAN', 'Azerbaijan', 'AZE', 16, 31, 994, 1609349288, 1, 1609349288, 1, 0),
(17, 'BS', 'BAHAMAS', 'Bahamas', 'BHS', 17, 44, 1242, 1609349288, 1, 1609349288, 1, 0),
(18, 'BH', 'BAHRAIN', 'Bahrain', 'BHR', 18, 48, 973, 1609349288, 1, 1609349288, 1, 0),
(19, 'BD', 'BANGLADESH', 'Bangladesh', 'BGD', 19, 50, 880, 1609349288, 1, 1609349288, 1, 0),
(20, 'BB', 'BARBADOS', 'Barbados', 'BRB', 20, 52, 1246, 1609349288, 1, 1609349288, 1, 0),
(21, 'BY', 'BELARUS', 'Belarus', 'BLR', 21, 112, 375, 1609349288, 1, 1609349288, 1, 0),
(22, 'BE', 'BELGIUM', 'Belgium', 'BEL', 22, 56, 32, 1609349288, 1, 1609349288, 1, 0),
(23, 'BZ', 'BELIZE', 'Belize', 'BLZ', 23, 84, 501, 1609349288, 1, 1609349288, 1, 0),
(24, 'BJ', 'BENIN', 'Benin', 'BEN', 24, 204, 229, 1609349288, 1, 1609349288, 1, 0),
(25, 'BM', 'BERMUDA', 'Bermuda', 'BMU', 25, 60, 1441, 1609349288, 1, 1609349288, 1, 0),
(26, 'BT', 'BHUTAN', 'Bhutan', 'BTN', 26, 64, 975, 1609349288, 1, 1609349288, 1, 0),
(27, 'BO', 'BOLIVIA', 'Bolivia', 'BOL', 27, 68, 591, 1609349288, 1, 1609349288, 1, 0),
(28, 'BA', 'BOSNIA AND HERZEGOVINA', 'Bosnia and Herzegovina', 'BIH', 28, 70, 387, 1609349288, 1, 1609349288, 1, 0),
(29, 'BW', 'BOTSWANA', 'Botswana', 'BWA', 29, 72, 267, 1609349288, 1, 1609349288, 1, 0),
(30, 'BV', 'BOUVET ISLAND', 'Bouvet Island', 'BV', 30, 0, 0, 1609349288, 1, 1609349288, 1, 0),
(31, 'BR', 'BRAZIL', 'Brazil', 'BRA', 31, 76, 55, 1609349288, 1, 1609349288, 1, 0),
(32, 'IO', 'BRITISH INDIAN OCEAN TERRITORY', 'British Indian Ocean Territory', 'IO', 32, 0, 246, 1609349288, 1, 1609349288, 1, 0),
(33, 'BN', 'BRUNEI DARUSSALAM', 'Brunei Darussalam', 'BRN', 33, 96, 673, 1609349288, 1, 1609349288, 1, 0),
(34, 'BG', 'BULGARIA', 'Bulgaria', 'BGR', 34, 100, 359, 1609349288, 1, 1609349288, 1, 0),
(35, 'BF', 'BURKINA FASO', 'Burkina Faso', 'BFA', 35, 854, 226, 1609349288, 1, 1609349288, 1, 0),
(36, 'BI', 'BURUNDI', 'Burundi', 'BDI', 36, 108, 257, 1609349288, 1, 1609349288, 1, 0),
(37, 'KH', 'CAMBODIA', 'Cambodia', 'KHM', 37, 116, 855, 1609349288, 1, 1609349288, 1, 0),
(38, 'CM', 'CAMEROON', 'Cameroon', 'CMR', 38, 120, 237, 1609349288, 1, 1609349288, 1, 0),
(39, 'CA', 'CANADA', 'Canada', 'CAN', 39, 124, 1, 1609349288, 1, 1609349288, 1, 0),
(40, 'CV', 'CAPE VERDE', 'Cape Verde', 'CPV', 40, 132, 238, 1609349288, 1, 1609349288, 1, 0),
(41, 'KY', 'CAYMAN ISLANDS', 'Cayman Islands', 'CYM', 41, 136, 1345, 1609349288, 1, 1609349288, 1, 0),
(42, 'CF', 'CENTRAL AFRICAN REPUBLIC', 'Central African Republic', 'CAF', 42, 140, 236, 1609349288, 1, 1609349288, 1, 0),
(43, 'TD', 'CHAD', 'Chad', 'TCD', 43, 148, 235, 1609349288, 1, 1609349288, 1, 0),
(44, 'CL', 'CHILE', 'Chile', 'CHL', 44, 152, 56, 1609349288, 1, 1609349288, 1, 0),
(45, 'CN', 'CHINA', 'China', 'CHN', 45, 156, 86, 1609349288, 1, 1609349288, 1, 0),
(46, 'CX', 'CHRISTMAS ISLAND', 'Christmas Island', 'CX', 46, 0, 61, 1609349288, 1, 1609349288, 1, 0),
(47, 'CC', 'COCOS (KEELING) ISLANDS', 'Cocos (Keeling) Islands', 'CC', 47, 0, 672, 1609349288, 1, 1609349288, 1, 0),
(48, 'CO', 'COLOMBIA', 'Colombia', 'COL', 48, 170, 57, 1609349288, 1, 1609349288, 1, 0),
(49, 'KM', 'COMOROS', 'Comoros', 'COM', 49, 174, 269, 1609349288, 1, 1609349288, 1, 0),
(50, 'CG', 'CONGO', 'Congo', 'COG', 50, 178, 242, 1609349288, 1, 1609349288, 1, 0),
(51, 'CD', 'CONGO', 'Congo', 'CD', 51, 0, 0, 1609349288, 1, 1609349288, 1, 0),
(52, 'CK', 'COOK ISLANDS', 'Cook Islands', 'COK', 52, 184, 682, 1609349288, 1, 1609349288, 1, 0),
(53, 'CR', 'COSTA RICA', 'Costa Rica', 'CRI', 53, 188, 506, 1609349288, 1, 1609349288, 1, 0),
(54, 'CI', 'COTE DIVOIRE', 'Cote DIvoire', 'CIV', 54, 384, 225, 1609349288, 1, 1609349288, 1, 0),
(55, 'HR', 'CROATIA', 'Croatia', 'HRV', 55, 191, 385, 1609349288, 1, 1609349288, 1, 0),
(56, 'CU', 'CUBA', 'Cuba', 'CUB', 56, 192, 53, 1609349288, 1, 1609349288, 1, 0),
(57, 'CY', 'CYPRUS', 'Cyprus', 'CYP', 57, 196, 357, 1609349288, 1, 1609349288, 1, 0),
(58, 'CZ', 'CZECH REPUBLIC', 'Czech Republic', 'CZE', 58, 203, 420, 1609349288, 1, 1609349288, 1, 0),
(59, 'DK', 'DENMARK', 'Denmark', 'DNK', 59, 208, 45, 1609349288, 1, 1609349288, 1, 0),
(60, 'DJ', 'DJIBOUTI', 'Djibouti', 'DJI', 60, 262, 253, 1609349288, 1, 1609349288, 1, 0),
(61, 'DM', 'DOMINICA', 'Dominica', 'DMA', 61, 212, 1767, 1609349288, 1, 1609349288, 1, 0),
(62, 'DO', 'DOMINICAN REPUBLIC', 'Dominican Republic', 'DOM', 62, 214, 1809, 1609349288, 1, 1609349288, 1, 0),
(63, 'EC', 'ECUADOR', 'Ecuador', 'ECU', 63, 218, 593, 1609349288, 1, 1609349288, 1, 0),
(64, 'EG', 'EGYPT', 'Egypt', 'EGY', 64, 818, 20, 1609349288, 1, 1609349288, 1, 0),
(65, 'SV', 'EL SALVADOR', 'El Salvador', 'SLV', 65, 222, 503, 1609349288, 1, 1609349288, 1, 0),
(66, 'GQ', 'EQUATORIAL GUINEA', 'Equatorial Guinea', 'GNQ', 66, 226, 240, 1609349288, 1, 1609349288, 1, 0),
(67, 'ER', 'ERITREA', 'Eritrea', 'ERI', 67, 232, 291, 1609349288, 1, 1609349288, 1, 0),
(68, 'EE', 'ESTONIA', 'Estonia', 'EST', 68, 233, 372, 1609349288, 1, 1609349288, 1, 0),
(69, 'ET', 'ETHIOPIA', 'Ethiopia', 'ETH', 69, 231, 251, 1609349288, 1, 1609349288, 1, 0),
(70, 'FK', 'FALKLAND ISLANDS (MALVINAS)', 'Falkland Islands (Malvinas)', 'FLK', 70, 238, 500, 1609349288, 1, 1609349288, 1, 0),
(71, 'FO', 'FAROE ISLANDS', 'Faroe Islands', 'FRO', 71, 234, 298, 1609349288, 1, 1609349288, 1, 0),
(72, 'FJ', 'FIJI', 'Fiji', 'FJI', 72, 242, 679, 1609349288, 1, 1609349288, 1, 0),
(73, 'FI', 'FINLAND', 'Finland', 'FIN', 73, 246, 358, 1609349288, 1, 1609349288, 1, 0),
(74, 'FR', 'FRANCE', 'France', 'FRA', 74, 250, 33, 1609349288, 1, 1609349288, 1, 0),
(75, 'GF', 'FRENCH GUIANA', 'French Guiana', 'GUF', 75, 254, 594, 1609349288, 1, 1609349288, 1, 0),
(76, 'PF', 'FRENCH POLYNESIA', 'French Polynesia', 'PYF', 76, 258, 689, 1609349288, 1, 1609349288, 1, 0),
(77, 'TF', 'FRENCH SOUTHERN TERRITORIES', 'French Southern Territories', 'TF', 77, 0, 0, 1609349288, 1, 1609349288, 1, 0),
(78, 'GA', 'GABON', 'Gabon', 'GAB', 78, 266, 241, 1609349288, 1, 1609349288, 1, 0),
(79, 'GM', 'GAMBIA', 'Gambia', 'GMB', 79, 270, 220, 1609349288, 1, 1609349288, 1, 0),
(80, 'GE', 'GEORGIA', 'Georgia', 'GEO', 80, 268, 995, 1609349288, 1, 1609349288, 1, 0),
(81, 'DE', 'GERMANY', 'Germany', 'DEU', 81, 276, 49, 1609349288, 1, 1609349288, 1, 0),
(82, 'GH', 'GHANA', 'Ghana', 'GHA', 82, 288, 233, 1609349288, 1, 1609349288, 1, 0),
(83, 'GI', 'GIBRALTAR', 'Gibraltar', 'GIB', 83, 292, 350, 1609349288, 1, 1609349288, 1, 0),
(84, 'GR', 'GREECE', 'Greece', 'GRC', 84, 300, 30, 1609349288, 1, 1609349288, 1, 0),
(85, 'GL', 'GREENLAND', 'Greenland', 'GRL', 85, 304, 299, 1609349288, 1, 1609349288, 1, 0),
(86, 'GD', 'GRENADA', 'Grenada', 'GRD', 86, 308, 1473, 1609349288, 1, 1609349288, 1, 0),
(87, 'GP', 'GUADELOUPE', 'Guadeloupe', 'GLP', 87, 312, 590, 1609349288, 1, 1609349288, 1, 0),
(88, 'GU', 'GUAM', 'Guam', 'GUM', 88, 316, 1671, 1609349288, 1, 1609349288, 1, 0),
(89, 'GT', 'GUATEMALA', 'Guatemala', 'GTM', 89, 320, 502, 1609349288, 1, 1609349288, 1, 0),
(90, 'GN', 'GUINEA', 'Guinea', 'GIN', 90, 324, 224, 1609349288, 1, 1609349288, 1, 0),
(91, 'GW', 'GUINEA-BISSAU', 'Guinea-Bissau', 'GNB', 91, 624, 245, 1609349288, 1, 1609349288, 1, 0),
(92, 'GY', 'GUYANA', 'Guyana', 'GUY', 92, 328, 592, 1609349288, 1, 1609349288, 1, 0),
(93, 'HT', 'HAITI', 'Haiti', 'HTI', 93, 332, 509, 1609349288, 1, 1609349288, 1, 0),
(94, 'HM', 'HEARD ISLAND AND MCDONALD ISLANDS', 'Heard Island and Mcdonald Islands', 'HM', 94, 0, 0, 1609349288, 1, 1609349288, 1, 0),
(95, 'VA', 'HOLY SEE (VATICAN CITY STATE)', 'Holy See (Vatican City State)', 'VAT', 95, 336, 39, 1609349288, 1, 1609349288, 1, 0),
(96, 'HN', 'HONDURAS', 'Honduras', 'HND', 96, 340, 504, 1609349288, 1, 1609349288, 1, 0),
(97, 'HK', 'HONG KONG', 'Hong Kong', 'HKG', 97, 344, 852, 1609349288, 1, 1609349288, 1, 0),
(98, 'HU', 'HUNGARY', 'Hungary', 'HUN', 98, 348, 36, 1609349288, 1, 1609349288, 1, 0),
(99, 'IS', 'ICELAND', 'Iceland', 'ISL', 99, 352, 354, 1609349288, 1, 1609349288, 1, 0),
(100, 'IN', 'INDIA', 'India', 'IND', 100, 356, 91, 1609349288, 1, 1609349288, 1, 0),
(101, 'ID', 'INDONESIA', 'Indonesia', 'IDN', 101, 360, 62, 1609349288, 1, 1609349288, 1, 0),
(102, 'IR', 'IRAN', 'Iran', 'IR', 102, 0, 0, 1609349288, 1, 1609349288, 1, 0),
(103, 'IQ', 'IRAQ', 'Iraq', 'IRQ', 103, 368, 964, 1609349288, 1, 1609349288, 1, 0),
(104, 'IE', 'IRELAND', 'Ireland', 'IRL', 104, 372, 353, 1609349288, 1, 1609349288, 1, 0),
(105, 'IL', 'ISRAEL', 'Israel', 'ISR', 105, 376, 972, 1609349288, 1, 1609349288, 1, 0),
(106, 'IT', 'ITALY', 'Italy', 'ITA', 106, 380, 39, 1609349288, 1, 1609349288, 1, 0),
(107, 'JM', 'JAMAICA', 'Jamaica', 'JAM', 107, 388, 1876, 1609349288, 1, 1609349288, 1, 0),
(108, 'JP', 'JAPAN', 'Japan', 'JPN', 108, 392, 81, 1609349288, 1, 1609349288, 1, 0),
(109, 'JO', 'JORDAN', 'Jordan', 'JOR', 109, 400, 962, 1609349288, 1, 1609349288, 1, 0),
(110, 'KZ', 'KAZAKHSTAN', 'Kazakhstan', 'KAZ', 110, 398, 7, 1609349288, 1, 1609349288, 1, 0),
(111, 'KE', 'KENYA', 'Kenya', 'KEN', 111, 404, 254, 1609349288, 1, 1609349288, 1, 0),
(112, 'KI', 'KIRIBATI', 'Kiribati', 'KIR', 112, 296, 686, 1609349288, 1, 1609349288, 1, 0),
(113, 'KP', 'KOREA', 'Korea', 'KP', 113, 0, 0, 1609349288, 1, 1609349288, 1, 0),
(114, 'KR', 'KOREA', 'Korea', 'KR', 114, 0, 0, 1609349288, 1, 1609349288, 1, 0),
(115, 'KW', 'KUWAIT', 'Kuwait', 'KWT', 115, 414, 965, 1609349288, 1, 1609349288, 1, 0),
(116, 'KG', 'KYRGYZSTAN', 'Kyrgyzstan', 'KGZ', 116, 417, 996, 1609349288, 1, 1609349288, 1, 0),
(117, 'LA', 'LAO PEOPLES DEMOCRATIC REPUBLIC', 'Lao Peoples Democratic Republic', 'LAO', 117, 418, 856, 1609349288, 1, 1609349288, 1, 0),
(118, 'LV', 'LATVIA', 'Latvia', 'LVA', 118, 428, 371, 1609349288, 1, 1609349288, 1, 0),
(119, 'LB', 'LEBANON', 'Lebanon', 'LBN', 119, 422, 961, 1609349288, 1, 1609349288, 1, 0),
(120, 'LS', 'LESOTHO', 'Lesotho', 'LSO', 120, 426, 266, 1609349288, 1, 1609349288, 1, 0),
(121, 'LR', 'LIBERIA', 'Liberia', 'LBR', 121, 430, 231, 1609349288, 1, 1609349288, 1, 0),
(122, 'LY', 'LIBYAN ARAB JAMAHIRIYA', 'Libyan Arab Jamahiriya', 'LBY', 122, 434, 218, 1609349288, 1, 1609349288, 1, 0),
(123, 'LI', 'LIECHTENSTEIN', 'Liechtenstein', 'LIE', 123, 438, 423, 1609349288, 1, 1609349288, 1, 0),
(124, 'LT', 'LITHUANIA', 'Lithuania', 'LTU', 124, 440, 370, 1609349288, 1, 1609349288, 1, 0),
(125, 'LU', 'LUXEMBOURG', 'Luxembourg', 'LUX', 125, 442, 352, 1609349288, 1, 1609349288, 1, 0),
(126, 'MO', 'MACAO', 'Macao', 'MAC', 126, 446, 853, 1609349288, 1, 1609349288, 1, 0),
(127, 'MK', 'MACEDONIA', 'Macedonia', 'MK', 127, 0, 0, 1609349288, 1, 1609349288, 1, 0),
(128, 'MG', 'MADAGASCAR', 'Madagascar', 'MDG', 128, 450, 261, 1609349288, 1, 1609349288, 1, 0),
(129, 'MW', 'MALAWI', 'Malawi', 'MWI', 129, 454, 265, 1609349288, 1, 1609349288, 1, 0),
(130, 'MY', 'MALAYSIA', 'Malaysia', 'MYS', 130, 458, 60, 1609349288, 1, 1609349288, 1, 0),
(131, 'MV', 'MALDIVES', 'Maldives', 'MDV', 131, 462, 960, 1609349288, 1, 1609349288, 1, 0),
(132, 'ML', 'MALI', 'Mali', 'MLI', 132, 466, 223, 1609349288, 1, 1609349288, 1, 0),
(133, 'MT', 'MALTA', 'Malta', 'MLT', 133, 470, 356, 1609349288, 1, 1609349288, 1, 0),
(134, 'MH', 'MARSHALL ISLANDS', 'Marshall Islands', 'MHL', 134, 584, 692, 1609349288, 1, 1609349288, 1, 0),
(135, 'MQ', 'MARTINIQUE', 'Martinique', 'MTQ', 135, 474, 596, 1609349288, 1, 1609349288, 1, 0),
(136, 'MR', 'MAURITANIA', 'Mauritania', 'MRT', 136, 478, 222, 1609349288, 1, 1609349288, 1, 0),
(137, 'MU', 'MAURITIUS', 'Mauritius', 'MUS', 137, 480, 230, 1609349288, 1, 1609349288, 1, 0),
(138, 'YT', 'MAYOTTE', 'Mayotte', 'YT', 138, 0, 269, 1609349288, 1, 1609349288, 1, 0),
(139, 'MX', 'MEXICO', 'Mexico', 'MEX', 139, 484, 52, 1609349288, 1, 1609349288, 1, 0),
(140, 'FM', 'MICRONESIA', 'Micronesia', 'FM', 140, 0, 0, 1609349288, 1, 1609349288, 1, 0),
(141, 'MD', 'MOLDOVA', 'Moldova', 'MD', 141, 0, 0, 1609349288, 1, 1609349288, 1, 0),
(142, 'MC', 'MONACO', 'Monaco', 'MCO', 142, 492, 377, 1609349288, 1, 1609349288, 1, 0),
(143, 'MN', 'MONGOLIA', 'Mongolia', 'MNG', 143, 496, 976, 1609349288, 1, 1609349288, 1, 0),
(144, 'MS', 'MONTSERRAT', 'Montserrat', 'MSR', 144, 500, 1664, 1609349288, 1, 1609349288, 1, 0),
(145, 'MA', 'MOROCCO', 'Morocco', 'MAR', 145, 504, 212, 1609349288, 1, 1609349288, 1, 0),
(146, 'MZ', 'MOZAMBIQUE', 'Mozambique', 'MOZ', 146, 508, 258, 1609349288, 1, 1609349288, 1, 0),
(147, 'MM', 'MYANMAR', 'Myanmar', 'MMR', 147, 104, 95, 1609349288, 1, 1609349288, 1, 0),
(148, 'NA', 'NAMIBIA', 'Namibia', 'NAM', 148, 516, 264, 1609349288, 1, 1609349288, 1, 0),
(149, 'NR', 'NAURU', 'Nauru', 'NRU', 149, 520, 674, 1609349288, 1, 1609349288, 1, 0),
(150, 'NP', 'NEPAL', 'Nepal', 'NPL', 150, 524, 977, 1609349288, 1, 1609349288, 1, 0),
(151, 'NL', 'NETHERLANDS', 'Netherlands', 'NLD', 151, 528, 31, 1609349288, 1, 1609349288, 1, 0),
(152, 'AN', 'NETHERLANDS ANTILLES', 'Netherlands Antilles', 'ANT', 152, 530, 599, 1609349288, 1, 1609349288, 1, 0),
(153, 'NC', 'NEW CALEDONIA', 'New Caledonia', 'NCL', 153, 540, 687, 1609349288, 1, 1609349288, 1, 0),
(154, 'NZ', 'NEW ZEALAND', 'New Zealand', 'NZL', 154, 554, 64, 1609349288, 1, 1609349288, 1, 0),
(155, 'NI', 'NICARAGUA', 'Nicaragua', 'NIC', 155, 558, 505, 1609349288, 1, 1609349288, 1, 0),
(156, 'NE', 'NIGER', 'Niger', 'NER', 156, 562, 227, 1609349288, 1, 1609349288, 1, 0),
(157, 'NG', 'NIGERIA', 'Nigeria', 'NGA', 157, 566, 234, 1609349288, 1, 1609349288, 1, 0),
(158, 'NU', 'NIUE', 'Niue', 'NIU', 158, 570, 683, 1609349288, 1, 1609349288, 1, 0),
(159, 'NF', 'NORFOLK ISLAND', 'Norfolk Island', 'NFK', 159, 574, 672, 1609349288, 1, 1609349288, 1, 0),
(160, 'MP', 'NORTHERN MARIANA ISLANDS', 'Northern Mariana Islands', 'MNP', 160, 580, 1670, 1609349288, 1, 1609349288, 1, 0),
(161, 'NO', 'NORWAY', 'Norway', 'NOR', 161, 578, 47, 1609349288, 1, 1609349288, 1, 0),
(162, 'OM', 'OMAN', 'Oman', 'OMN', 162, 512, 968, 1609349288, 1, 1609349288, 1, 0),
(163, 'PK', 'PAKISTAN', 'Pakistan', 'PAK', 163, 586, 92, 1609349288, 1, 1609349288, 1, 0),
(164, 'PW', 'PALAU', 'Palau', 'PLW', 164, 585, 680, 1609349288, 1, 1609349288, 1, 0),
(165, 'PS', 'PALESTINIAN TERRITORY', 'Palestinian Territory', 'PS', 165, 0, 0, 1609349288, 1, 1609349288, 1, 0),
(166, 'PA', 'PANAMA', 'Panama', 'PAN', 166, 591, 507, 1609349288, 1, 1609349288, 1, 0),
(167, 'PG', 'PAPUA NEW GUINEA', 'Papua New Guinea', 'PNG', 167, 598, 675, 1609349288, 1, 1609349288, 1, 0),
(168, 'PY', 'PARAGUAY', 'Paraguay', 'PRY', 168, 600, 595, 1609349288, 1, 1609349288, 1, 0),
(169, 'PE', 'PERU', 'Peru', 'PER', 169, 604, 51, 1609349288, 1, 1609349288, 1, 0),
(170, 'PH', 'PHILIPPINES', 'Philippines', 'PHL', 170, 608, 63, 1609349288, 1, 1609349288, 1, 0),
(171, 'PN', 'PITCAIRN', 'Pitcairn', 'PCN', 171, 612, 0, 1609349288, 1, 1609349288, 1, 0),
(172, 'PL', 'POLAND', 'Poland', 'POL', 172, 616, 48, 1609349288, 1, 1609349288, 1, 0),
(173, 'PT', 'PORTUGAL', 'Portugal', 'PRT', 173, 620, 351, 1609349288, 1, 1609349288, 1, 0),
(174, 'PR', 'PUERTO RICO', 'Puerto Rico', 'PRI', 174, 630, 1787, 1609349288, 1, 1609349288, 1, 0),
(175, 'QA', 'QATAR', 'Qatar', 'QAT', 175, 634, 974, 1609349288, 1, 1609349288, 1, 0),
(176, 'RE', 'REUNION', 'Reunion', 'REU', 176, 638, 262, 1609349288, 1, 1609349288, 1, 0),
(177, 'RO', 'ROMANIA', 'Romania', 'ROM', 177, 642, 40, 1609349288, 1, 1609349288, 1, 0),
(178, 'RU', 'RUSSIAN FEDERATION', 'Russian Federation', 'RUS', 178, 643, 70, 1609349288, 1, 1609349288, 1, 0),
(179, 'RW', 'RWANDA', 'Rwanda', 'RWA', 179, 646, 250, 1609349288, 1, 1609349288, 1, 0),
(180, 'SH', 'SAINT HELENA', 'Saint Helena', 'SHN', 180, 654, 290, 1609349288, 1, 1609349288, 1, 0),
(181, 'KN', 'SAINT KITTS AND NEVIS', 'Saint Kitts and Nevis', 'KNA', 181, 659, 1869, 1609349288, 1, 1609349288, 1, 0),
(182, 'LC', 'SAINT LUCIA', 'Saint Lucia', 'LCA', 182, 662, 1758, 1609349288, 1, 1609349288, 1, 0),
(183, 'PM', 'SAINT PIERRE AND MIQUELON', 'Saint Pierre and Miquelon', 'SPM', 183, 666, 508, 1609349288, 1, 1609349288, 1, 0),
(184, 'VC', 'SAINT VINCENT AND THE GRENADINES', 'Saint Vincent and the Grenadines', 'VCT', 184, 670, 1784, 1609349288, 1, 1609349288, 1, 0),
(185, 'WS', 'SAMOA', 'Samoa', 'WSM', 185, 882, 684, 1609349288, 1, 1609349288, 1, 0),
(186, 'SM', 'SAN MARINO', 'San Marino', 'SMR', 186, 674, 378, 1609349288, 1, 1609349288, 1, 0),
(187, 'ST', 'SAO TOME AND PRINCIPE', 'Sao Tome and Principe', 'STP', 187, 678, 239, 1609349288, 1, 1609349288, 1, 0),
(188, 'SA', 'SAUDI ARABIA', 'Saudi Arabia', 'SAU', 188, 682, 966, 1609349288, 1, 1609349288, 1, 0),
(189, 'SN', 'SENEGAL', 'Senegal', 'SEN', 189, 686, 221, 1609349288, 1, 1609349288, 1, 0),
(190, 'CS', 'SERBIA AND MONTENEGRO', 'Serbia and Montenegro', 'CS', 190, 0, 381, 1609349288, 1, 1609349288, 1, 0),
(191, 'SC', 'SEYCHELLES', 'Seychelles', 'SYC', 191, 690, 248, 1609349288, 1, 1609349288, 1, 0),
(192, 'SL', 'SIERRA LEONE', 'Sierra Leone', 'SLE', 192, 694, 232, 1609349288, 1, 1609349288, 1, 0),
(193, 'SG', 'SINGAPORE', 'Singapore', 'SGP', 193, 702, 65, 1609349288, 1, 1609349288, 1, 0),
(194, 'SK', 'SLOVAKIA', 'Slovakia', 'SVK', 194, 703, 421, 1609349288, 1, 1609349288, 1, 0),
(195, 'SI', 'SLOVENIA', 'Slovenia', 'SVN', 195, 705, 386, 1609349288, 1, 1609349288, 1, 0),
(196, 'SB', 'SOLOMON ISLANDS', 'Solomon Islands', 'SLB', 196, 90, 677, 1609349288, 1, 1609349288, 1, 0),
(197, 'SO', 'SOMALIA', 'Somalia', 'SOM', 197, 706, 252, 1609349288, 1, 1609349288, 1, 0),
(198, 'ZA', 'SOUTH AFRICA', 'South Africa', 'ZAF', 198, 710, 27, 1609349288, 1, 1609349288, 1, 0),
(199, 'GS', 'SOUTH GEORGIA AND THE SOUTH SANDWICH ISLANDS', 'South Georgia and the South Sandwich Islands', 'GS', 199, 0, 0, 1609349288, 1, 1609349288, 1, 0),
(200, 'ES', 'SPAIN', 'Spain', 'ESP', 200, 724, 34, 1609349288, 1, 1609349288, 1, 0),
(201, 'LK', 'SRI LANKA', 'Sri Lanka', 'LKA', 201, 144, 94, 1609349288, 1, 1609349288, 1, 0),
(202, 'SD', 'SUDAN', 'Sudan', 'SDN', 202, 736, 249, 1609349288, 1, 1609349288, 1, 0),
(203, 'SR', 'SURINAME', 'Suriname', 'SUR', 203, 740, 597, 1609349288, 1, 1609349288, 1, 0),
(204, 'SJ', 'SVALBARD AND JAN MAYEN', 'Svalbard and Jan Mayen', 'SJM', 204, 744, 47, 1609349288, 1, 1609349288, 1, 0),
(205, 'SZ', 'SWAZILAND', 'Swaziland', 'SWZ', 205, 748, 268, 1609349288, 1, 1609349288, 1, 0),
(206, 'SE', 'SWEDEN', 'Sweden', 'SWE', 206, 752, 46, 1609349288, 1, 1609349288, 1, 0),
(207, 'CH', 'SWITZERLAND', 'Switzerland', 'CHE', 207, 756, 41, 1609349288, 1, 1609349288, 1, 0),
(208, 'SY', 'SYRIAN ARAB REPUBLIC', 'Syrian Arab Republic', 'SYR', 208, 760, 963, 1609349288, 1, 1609349288, 1, 0),
(209, 'TW', 'TAIWAN', 'Taiwan', 'TW', 209, 0, 0, 1609349288, 1, 1609349288, 1, 0),
(210, 'TJ', 'TAJIKISTAN', 'Tajikistan', 'TJK', 210, 762, 992, 1609349288, 1, 1609349288, 1, 0),
(211, 'TZ', 'TANZANIA', 'Tanzania', 'TZ', 211, 0, 0, 1609349288, 1, 1609349288, 1, 0),
(212, 'TH', 'THAILAND', 'Thailand', 'THA', 212, 764, 66, 1609349288, 1, 1609349288, 1, 0),
(213, 'TL', 'TIMOR-LESTE', 'Timor-Leste', 'TL', 213, 0, 670, 1609349288, 1, 1609349288, 1, 0),
(214, 'TG', 'TOGO', 'Togo', 'TGO', 214, 768, 228, 1609349288, 1, 1609349288, 1, 0),
(215, 'TK', 'TOKELAU', 'Tokelau', 'TKL', 215, 772, 690, 1609349288, 1, 1609349288, 1, 0),
(216, 'TO', 'TONGA', 'Tonga', 'TON', 216, 776, 676, 1609349288, 1, 1609349288, 1, 0),
(217, 'TT', 'TRINIDAD AND TOBAGO', 'Trinidad and Tobago', 'TTO', 217, 780, 1868, 1609349288, 1, 1609349288, 1, 0),
(218, 'TN', 'TUNISIA', 'Tunisia', 'TUN', 218, 788, 216, 1609349288, 1, 1609349288, 1, 0),
(219, 'TR', 'TURKEY', 'Turkey', 'TUR', 219, 792, 90, 1609349288, 1, 1609349288, 1, 0),
(220, 'TM', 'TURKMENISTAN', 'Turkmenistan', 'TKM', 220, 795, 7370, 1609349288, 1, 1609349288, 1, 0),
(221, 'TC', 'TURKS AND CAICOS ISLANDS', 'Turks and Caicos Islands', 'TCA', 221, 796, 1649, 1609349288, 1, 1609349288, 1, 0),
(222, 'TV', 'TUVALU', 'Tuvalu', 'TUV', 222, 798, 688, 1609349288, 1, 1609349288, 1, 0),
(223, 'UG', 'UGANDA', 'Uganda', 'UGA', 223, 800, 256, 1609349288, 1, 1609349288, 1, 0),
(224, 'UA', 'UKRAINE', 'Ukraine', 'UKR', 224, 804, 380, 1609349288, 1, 1609349288, 1, 0),
(225, 'AE', 'UNITED ARAB EMIRATES', 'United Arab Emirates', 'ARE', 225, 784, 971, 1609349288, 1, 1609349288, 1, 0),
(226, 'GB', 'UNITED KINGDOM', 'United Kingdom', 'GBR', 226, 826, 44, 1609349288, 1, 1609349288, 1, 0),
(227, 'US', 'UNITED STATES', 'United States', 'USA', 227, 840, 1, 1609349288, 1, 1609349288, 1, 0),
(228, 'UM', 'UNITED STATES MINOR OUTLYING ISLANDS', 'United States Minor Outlying Islands', 'UM', 228, 0, 1, 1609349288, 1, 1609349288, 1, 0),
(229, 'UY', 'URUGUAY', 'Uruguay', 'URY', 229, 858, 598, 1609349288, 1, 1609349288, 1, 0),
(230, 'UZ', 'UZBEKISTAN', 'Uzbekistan', 'UZB', 230, 860, 998, 1609349288, 1, 1609349288, 1, 0),
(231, 'VU', 'VANUATU', 'Vanuatu', 'VUT', 231, 548, 678, 1609349288, 1, 1609349288, 1, 0),
(232, 'VE', 'VENEZUELA', 'Venezuela', 'VEN', 232, 862, 58, 1609349288, 1, 1609349288, 1, 0),
(233, 'VN', 'VIET NAM', 'Viet Nam', 'VNM', 233, 704, 84, 1609349288, 1, 1609349288, 1, 0),
(234, 'VG', 'VIRGIN ISLANDS', 'Virgin Islands', 'VG', 234, 0, 0, 1609349288, 1, 1609349288, 1, 0),
(235, 'VI', 'VIRGIN ISLANDS', 'Virgin Islands', 'VI', 235, 0, 0, 1609349288, 1, 1609349288, 1, 0),
(236, 'WF', 'WALLIS AND FUTUNA', 'Wallis and Futuna', 'WLF', 236, 876, 681, 1609349288, 1, 1609349288, 1, 0),
(237, 'EH', 'WESTERN SAHARA', 'Western Sahara', 'ESH', 237, 732, 212, 1609349288, 1, 1609349288, 1, 0),
(238, 'YE', 'YEMEN', 'Yemen', 'YEM', 238, 887, 967, 1609349288, 1, 1609349288, 1, 0),
(239, 'ZM', 'ZAMBIA', 'Zambia', 'ZMB', 239, 894, 260, 1609349288, 1, 1609349288, 1, 0),
(240, 'ZW', 'ZIMBABWE', 'Zimbabwe', 'ZWE', 240, 716, 263, 1609349288, 1, 1609349288, 1, 0);

-- --------------------------------------------------------

--
-- Table structure for table `_z_country_city`
--

CREATE TABLE `_z_country_city` (
  `id` int(10) UNSIGNED NOT NULL,
  `province_id` int(10) UNSIGNED NOT NULL,
  `name` varchar(99) COLLATE utf8mb4_unicode_ci NOT NULL,
  `code` varchar(10) COLLATE utf8mb4_unicode_ci NOT NULL DEFAULT 'xx',
  `position` int(10) UNSIGNED NOT NULL,
  `created` int(10) UNSIGNED NOT NULL,
  `register_by` int(10) UNSIGNED NOT NULL,
  `modified` int(10) UNSIGNED NOT NULL,
  `modified_by` int(10) UNSIGNED NOT NULL,
  `record_deleted` tinyint(1) NOT NULL DEFAULT '0'
) ENGINE=InnoDB DEFAULT CHARSET=utf8mb4 COLLATE=utf8mb4_unicode_ci;

--
-- Dumping data for table `_z_country_city`
--

INSERT INTO `_z_country_city` (`id`, `province_id`, `name`, `code`, `position`, `created`, `register_by`, `modified`, `modified_by`, `record_deleted`) VALUES
(1, 1, 'Unknown', 'xx', 1, 1609349288, 1, 1609349288, 1, 0);

-- --------------------------------------------------------

--
-- Table structure for table `_z_country_province`
--

CREATE TABLE `_z_country_province` (
  `id` int(10) UNSIGNED NOT NULL,
  `country_id` int(10) UNSIGNED NOT NULL,
  `name` varchar(99) COLLATE utf8mb4_unicode_ci NOT NULL,
  `code` varchar(10) COLLATE utf8mb4_unicode_ci NOT NULL DEFAULT 'xx',
  `position` int(10) UNSIGNED NOT NULL,
  `created` int(10) UNSIGNED NOT NULL,
  `register_by` int(10) UNSIGNED NOT NULL,
  `modified` int(10) UNSIGNED NOT NULL,
  `modified_by` int(10) UNSIGNED NOT NULL,
  `record_deleted` tinyint(1) NOT NULL DEFAULT '0'
) ENGINE=InnoDB DEFAULT CHARSET=utf8mb4 COLLATE=utf8mb4_unicode_ci;

--
-- Dumping data for table `_z_country_province`
--

INSERT INTO `_z_country_province` (`id`, `country_id`, `name`, `code`, `position`, `created`, `register_by`, `modified`, `modified_by`, `record_deleted`) VALUES
(1, 1, 'Unknown', 'xx', 1, 1609349288, 1, 1609349288, 1, 0);

-- --------------------------------------------------------

--
-- Table structure for table `_z_country_region`
--

CREATE TABLE `_z_country_region` (
  `id` int(10) UNSIGNED NOT NULL,
  `city_id` int(10) UNSIGNED NOT NULL,
  `name` varchar(99) COLLATE utf8mb4_unicode_ci NOT NULL,
  `code` varchar(10) COLLATE utf8mb4_unicode_ci NOT NULL DEFAULT 'xx',
  `position` int(10) UNSIGNED NOT NULL,
  `created` int(10) UNSIGNED NOT NULL,
  `register_by` int(10) UNSIGNED NOT NULL,
  `modified` int(10) UNSIGNED NOT NULL,
  `modified_by` int(10) UNSIGNED NOT NULL,
  `record_deleted` tinyint(1) NOT NULL DEFAULT '0'
) ENGINE=InnoDB DEFAULT CHARSET=utf8mb4 COLLATE=utf8mb4_unicode_ci;

--
-- Dumping data for table `_z_country_region`
--

INSERT INTO `_z_country_region` (`id`, `city_id`, `name`, `code`, `position`, `created`, `register_by`, `modified`, `modified_by`, `record_deleted`) VALUES
(1, 1, 'Unknown', 'xx', 1, 1609349288, 1, 1609349288, 1, 0);

-- --------------------------------------------------------

--
-- Table structure for table `_z_country_subregion`
--

CREATE TABLE `_z_country_subregion` (
  `id` int(10) UNSIGNED NOT NULL,
  `region_id` int(10) UNSIGNED NOT NULL,
  `name` varchar(99) COLLATE utf8mb4_unicode_ci NOT NULL,
  `code` varchar(10) COLLATE utf8mb4_unicode_ci NOT NULL DEFAULT 'xx',
  `position` int(10) UNSIGNED NOT NULL,
  `created` int(10) UNSIGNED NOT NULL,
  `register_by` int(10) UNSIGNED NOT NULL,
  `modified` int(10) UNSIGNED NOT NULL,
  `modified_by` int(10) UNSIGNED NOT NULL,
  `record_deleted` tinyint(1) NOT NULL DEFAULT '0'
) ENGINE=InnoDB DEFAULT CHARSET=utf8mb4 COLLATE=utf8mb4_unicode_ci;

--
-- Dumping data for table `_z_country_subregion`
--

INSERT INTO `_z_country_subregion` (`id`, `region_id`, `name`, `code`, `position`, `created`, `register_by`, `modified`, `modified_by`, `record_deleted`) VALUES
(1, 1, 'Unknown', 'xx', 1, 1609349288, 1, 1609349288, 1, 0);

-- --------------------------------------------------------

--
-- Table structure for table `_z_family_relationship`
--

CREATE TABLE `_z_family_relationship` (
  `id` int(10) UNSIGNED NOT NULL,
  `name` varchar(99) COLLATE utf8mb4_unicode_ci NOT NULL,
  `description` varchar(191) COLLATE utf8mb4_unicode_ci NOT NULL DEFAULT '',
  `position` int(10) UNSIGNED NOT NULL,
  `created` int(10) UNSIGNED NOT NULL,
  `register_by` int(10) UNSIGNED NOT NULL,
  `modified` int(10) UNSIGNED NOT NULL,
  `modified_by` int(10) UNSIGNED NOT NULL,
  `record_deleted` tinyint(1) NOT NULL DEFAULT '0'
) ENGINE=InnoDB DEFAULT CHARSET=utf8mb4 COLLATE=utf8mb4_unicode_ci;

--
-- Dumping data for table `_z_family_relationship`
--

INSERT INTO `_z_family_relationship` (`id`, `name`, `description`, `position`, `created`, `register_by`, `modified`, `modified_by`, `record_deleted`) VALUES
(1, 'Undefined', '', 1, 1609349288, 1, 1609349288, 1, 0),
(2, 'Father', '', 2, 1609349288, 1, 1609349288, 1, 0),
(3, 'Mother', '', 3, 1609349288, 1, 1609349288, 1, 0),
(4, 'Guardian', '', 4, 1609349288, 1, 1609349288, 1, 0),
(5, 'Grandfather', '', 5, 1609349288, 1, 1609349288, 1, 0),
(6, 'Grandmother', '', 6, 1609349288, 1, 1609349288, 1, 0),
(7, 'Uncle', '', 7, 1609349288, 1, 1609349288, 1, 0),
(8, 'Aunt', '', 8, 1609349288, 1, 1609349288, 1, 0),
(9, 'Brother', '', 9, 1609349288, 1, 1609349288, 1, 0),
(10, 'Sister', '', 10, 1609349288, 1, 1609349288, 1, 0),
(11, 'Brother-in-law', '', 11, 1609349288, 1, 1609349288, 1, 0),
(12, 'Sister-in-law', '', 12, 1609349288, 1, 1609349288, 1, 0),
(13, 'Niece', '', 13, 1609349288, 1, 1609349288, 1, 0),
(14, 'Nephew', '', 14, 1609349288, 1, 1609349288, 1, 0);

-- --------------------------------------------------------

--
-- Table structure for table `_z_marital_status`
--

CREATE TABLE `_z_marital_status` (
  `id` int(10) UNSIGNED NOT NULL,
  `name` varchar(99) COLLATE utf8mb4_unicode_ci NOT NULL,
  `description` text COLLATE utf8mb4_unicode_ci NOT NULL,
  `position` int(10) UNSIGNED NOT NULL,
  `created` int(10) UNSIGNED NOT NULL,
  `register_by` int(10) UNSIGNED NOT NULL,
  `modified` int(10) UNSIGNED NOT NULL,
  `modified_by` int(10) UNSIGNED NOT NULL,
  `record_deleted` tinyint(1) NOT NULL DEFAULT '0'
) ENGINE=InnoDB DEFAULT CHARSET=utf8mb4 COLLATE=utf8mb4_unicode_ci;

--
-- Dumping data for table `_z_marital_status`
--

INSERT INTO `_z_marital_status` (`id`, `name`, `description`, `position`, `created`, `register_by`, `modified`, `modified_by`, `record_deleted`) VALUES
(1, 'Undefined', '', 1, 1609349288, 1, 1609349288, 1, 0),
(2, 'Married', 'This category includes persons whose opposite- or same-sex spouse is living, unless the couple is separated or a divorce has been obtained. Also included are persons in civil unions.', 2, 1609349288, 1, 1609349288, 1, 0),
(3, 'Widowed', 'This category includes persons who have lost their legally-married spouse through death and have not remarried. Those who live with a common-law partner are included in this category.', 3, 1609349288, 1, 1609349288, 1, 0),
(4, 'Separated', 'This category includes persons currently legally married but who are no longer living with their spouse (for any reason other than illness, work or school) and have not obtained a divorce. Those who live with a common-law partner are included in this category.', 4, 1609349288, 1, 1609349288, 1, 0),
(5, 'Divorced', 'This category includes persons who have obtained a legal divorce and have not remarried. Those who live with a common-law partner are included in this category.', 5, 1609349288, 1, 1609349288, 1, 0),
(6, 'Single', 'This category includes persons who have never married (including all persons less than 15 years of age). It also includes persons whose marriage has been legally annulled who were single before the annulled marriage and who have not remarried. Those who live with a common-law partner are included in this category.', 6, 1609349288, 1, 1609349288, 1, 0);

-- --------------------------------------------------------

--
-- Table structure for table `_z_qualification`
--

CREATE TABLE `_z_qualification` (
  `id` int(10) UNSIGNED NOT NULL,
  `level_id` int(10) UNSIGNED NOT NULL DEFAULT '1',
  `title_id` int(10) UNSIGNED NOT NULL DEFAULT '1',
  `institute_id` int(10) UNSIGNED NOT NULL DEFAULT '1',
  `completed` varchar(4) COLLATE utf8mb4_unicode_ci DEFAULT NULL,
  `created` int(10) UNSIGNED NOT NULL,
  `register_by` int(10) UNSIGNED NOT NULL,
  `modified` int(10) UNSIGNED NOT NULL,
  `modified_by` int(10) UNSIGNED NOT NULL,
  `record_deleted` tinyint(1) NOT NULL DEFAULT '0'
) ENGINE=InnoDB DEFAULT CHARSET=utf8mb4 COLLATE=utf8mb4_unicode_ci;

--
-- Dumping data for table `_z_qualification`
--

INSERT INTO `_z_qualification` (`id`, `level_id`, `title_id`, `institute_id`, `completed`, `created`, `register_by`, `modified`, `modified_by`, `record_deleted`) VALUES
(1, 1, 1, 1, NULL, 1609349288, 1, 1609349288, 1, 0);

-- --------------------------------------------------------

--
-- Table structure for table `_z_single_category`
--

CREATE TABLE `_z_single_category` (
  `id` int(10) UNSIGNED NOT NULL,
  `name` varchar(99) COLLATE utf8mb4_unicode_ci NOT NULL,
  `position` int(10) UNSIGNED NOT NULL,
  `created` int(10) UNSIGNED NOT NULL,
  `register_by` int(10) UNSIGNED NOT NULL,
  `modified` int(10) UNSIGNED NOT NULL,
  `modified_by` int(10) UNSIGNED NOT NULL,
  `record_deleted` tinyint(1) NOT NULL DEFAULT '0'
) ENGINE=InnoDB DEFAULT CHARSET=utf8mb4 COLLATE=utf8mb4_unicode_ci;

--
-- Dumping data for table `_z_single_category`
--

INSERT INTO `_z_single_category` (`id`, `name`, `position`, `created`, `register_by`, `modified`, `modified_by`, `record_deleted`) VALUES
(1, 'Religion', 1, 1609349288, 1, 1609349288, 1, 0),
(2, 'Profession', 2, 1609349288, 1, 1609349288, 1, 0),
(3, 'Speciality', 3, 1609349288, 1, 1609349288, 1, 0),
(4, 'Qualification Level', 4, 1609349288, 1, 1609349288, 1, 0),
(5, 'Qualification Title', 5, 1609349288, 1, 1609349288, 1, 0),
(6, 'Institute', 6, 1609349288, 1, 1609349288, 1, 0),
(7, 'Organization', 7, 1609349288, 1, 1609349288, 1, 0),
(8, 'Department', 8, 1609349288, 1, 1609349288, 1, 0),
(9, 'Designation', 9, 1609349288, 1, 1609349288, 1, 0);

-- --------------------------------------------------------

--
-- Table structure for table `_z_single_data`
--

CREATE TABLE `_z_single_data` (
  `id` int(10) UNSIGNED NOT NULL,
  `single_category_id` int(10) UNSIGNED NOT NULL,
  `name` varchar(99) COLLATE utf8mb4_unicode_ci NOT NULL,
  `position` int(10) UNSIGNED NOT NULL,
  `created` int(10) UNSIGNED NOT NULL,
  `register_by` int(10) UNSIGNED NOT NULL,
  `modified` int(10) UNSIGNED NOT NULL,
  `modified_by` int(10) UNSIGNED NOT NULL,
  `record_deleted` tinyint(1) NOT NULL DEFAULT '0'
) ENGINE=InnoDB DEFAULT CHARSET=utf8mb4 COLLATE=utf8mb4_unicode_ci;

--
-- Dumping data for table `_z_single_data`
--

INSERT INTO `_z_single_data` (`id`, `single_category_id`, `name`, `position`, `created`, `register_by`, `modified`, `modified_by`, `record_deleted`) VALUES
(1, 1, 'Undefined', 1, 1609349288, 1, 1609349288, 1, 0),
(2, 1, 'Islam', 1, 1609349288, 1, 1609349288, 1, 0),
(3, 1, 'Christian', 2, 1609349288, 1, 1609349288, 1, 0),
(4, 1, 'Hindu', 3, 1609349288, 1, 1609349288, 1, 0),
(5, 1, 'Jew', 4, 1609349288, 1, 1609349288, 1, 0),
(6, 2, 'Abstractor', 1, 1609349288, 1, 1609349288, 1, 0),
(7, 2, 'Accounting Technician', 2, 1609349288, 1, 1609349288, 1, 0),
(8, 2, 'Actor/Actress', 3, 1609349288, 1, 1609349288, 1, 0),
(9, 2, 'Actuary', 4, 1609349288, 1, 1609349288, 1, 0),
(10, 2, 'Acupuncturist', 5, 1609349288, 1, 1609349288, 1, 0),
(11, 2, 'Advertising Account Manager', 6, 1609349288, 1, 1609349288, 1, 0),
(12, 2, 'Advertising Copywriter', 7, 1609349288, 1, 1609349288, 1, 0),
(13, 2, 'Advice Worker', 8, 1609349288, 1, 1609349288, 1, 0),
(14, 2, 'Aeronautical Engineer', 9, 1609349288, 1, 1609349288, 1, 0),
(15, 2, 'Agricultural Consultant/Adviser', 10, 1609349288, 1, 1609349288, 1, 0),
(16, 2, 'Aid Worker/Humanitarian Worker', 11, 1609349288, 1, 1609349288, 1, 0),
(17, 2, 'Air Cabin Crew', 12, 1609349288, 1, 1609349288, 1, 0),
(18, 2, 'Air Traffic Controller', 13, 1609349288, 1, 1609349288, 1, 0),
(19, 2, 'Airline Pilot', 14, 1609349288, 1, 1609349288, 1, 0),
(20, 2, 'Analytical Chemist', 15, 1609349288, 1, 1609349288, 1, 0),
(21, 2, 'Animal Breeder', 16, 1609349288, 1, 1609349288, 1, 0),
(22, 2, 'Animator', 17, 1609349288, 1, 1609349288, 1, 0),
(23, 2, 'Antiques Dealer', 18, 1609349288, 1, 1609349288, 1, 0),
(24, 2, 'Arboriculturalist', 19, 1609349288, 1, 1609349288, 1, 0),
(25, 2, 'Archaeologist', 20, 1609349288, 1, 1609349288, 1, 0),
(26, 2, 'Architect', 21, 1609349288, 1, 1609349288, 1, 0),
(27, 2, 'Archivist', 22, 1609349288, 1, 1609349288, 1, 0),
(28, 2, 'Aromatherapist', 23, 1609349288, 1, 1609349288, 1, 0),
(29, 2, 'Art Gallery Manager', 24, 1609349288, 1, 1609349288, 1, 0),
(30, 2, 'Arts Administrator', 25, 1609349288, 1, 1609349288, 1, 0),
(31, 2, 'Arts Agent/Promoter', 26, 1609349288, 1, 1609349288, 1, 0),
(32, 2, 'Arts Therapist', 27, 1609349288, 1, 1609349288, 1, 0),
(33, 2, 'Audiologist', 28, 1609349288, 1, 1609349288, 1, 0),
(34, 2, 'Auditor', 29, 1609349288, 1, 1609349288, 1, 0),
(35, 2, 'Automotive Engineer', 30, 1609349288, 1, 1609349288, 1, 0),
(36, 2, 'Banker, Commercial/Corporate Lending', 31, 1609349288, 1, 1609349288, 1, 0),
(37, 2, 'Banker, Investment, Corporate Finance', 32, 1609349288, 1, 1609349288, 1, 0),
(38, 2, 'Barrister', 33, 1609349288, 1, 1609349288, 1, 0),
(39, 2, 'Betting Shop Manager', 34, 1609349288, 1, 1609349288, 1, 0),
(40, 2, 'Bilingual Secretary', 35, 1609349288, 1, 1609349288, 1, 0),
(41, 2, 'Biochemical Engineer', 36, 1609349288, 1, 1609349288, 1, 0),
(42, 2, 'Biochemist', 37, 1609349288, 1, 1609349288, 1, 0),
(43, 2, 'Biomedical Engineer', 38, 1609349288, 1, 1609349288, 1, 0),
(44, 2, 'Biomedical Scientist', 39, 1609349288, 1, 1609349288, 1, 0),
(45, 2, 'Biotechnologist', 40, 1609349288, 1, 1609349288, 1, 0),
(46, 2, 'Bookseller', 41, 1609349288, 1, 1609349288, 1, 0),
(47, 2, 'Broadcaster', 42, 1609349288, 1, 1609349288, 1, 0),
(48, 2, 'Building Services Engineer', 43, 1609349288, 1, 1609349288, 1, 0),
(49, 2, 'Building Surveyor', 44, 1609349288, 1, 1609349288, 1, 0),
(50, 2, 'Call Centre Manager', 45, 1609349288, 1, 1609349288, 1, 0),
(51, 2, 'Careers Adviser', 46, 1609349288, 1, 1609349288, 1, 0),
(52, 2, 'Cartographer', 47, 1609349288, 1, 1609349288, 1, 0),
(53, 2, 'Catering Manager', 48, 1609349288, 1, 1609349288, 1, 0),
(54, 2, 'Charity Officer', 49, 1609349288, 1, 1609349288, 1, 0),
(55, 2, 'Chartered Accountant', 50, 1609349288, 1, 1609349288, 1, 0),
(56, 2, 'Chartered Loss Adjuster', 51, 1609349288, 1, 1609349288, 1, 0),
(57, 2, 'Chemical Development Engineer', 52, 1609349288, 1, 1609349288, 1, 0),
(58, 2, 'Chiropractor', 53, 1609349288, 1, 1609349288, 1, 0),
(59, 2, 'Choreographer', 54, 1609349288, 1, 1609349288, 1, 0),
(60, 2, 'Cinema Manager', 55, 1609349288, 1, 1609349288, 1, 0),
(61, 2, 'Civil Engineer', 56, 1609349288, 1, 1609349288, 1, 0),
(62, 2, 'Civil Service Administrator/Manager', 57, 1609349288, 1, 1609349288, 1, 0),
(63, 2, 'Clerical Assistant', 58, 1609349288, 1, 1609349288, 1, 0),
(64, 2, 'Clinical Cytogeneticist', 59, 1609349288, 1, 1609349288, 1, 0),
(65, 2, 'Clinical Researcher', 60, 1609349288, 1, 1609349288, 1, 0),
(66, 2, 'Clothing/Textile Technologist', 61, 1609349288, 1, 1609349288, 1, 0),
(67, 2, 'Commissioning Engineer', 62, 1609349288, 1, 1609349288, 1, 0),
(68, 2, 'Commodity Broker', 63, 1609349288, 1, 1609349288, 1, 0),
(69, 2, 'Communications Engineer', 64, 1609349288, 1, 1609349288, 1, 0),
(70, 2, 'Community Arts Worker', 65, 1609349288, 1, 1609349288, 1, 0),
(71, 2, 'Community Education Officer', 66, 1609349288, 1, 1609349288, 1, 0),
(72, 2, 'Community Welfare Officer', 67, 1609349288, 1, 1609349288, 1, 0),
(73, 2, 'Community Worker/Community Development Worker', 68, 1609349288, 1, 1609349288, 1, 0),
(74, 2, 'Community/Retail Pharmacist', 69, 1609349288, 1, 1609349288, 1, 0),
(75, 2, 'Company Secretary', 70, 1609349288, 1, 1609349288, 1, 0),
(76, 2, 'Composer', 71, 1609349288, 1, 1609349288, 1, 0),
(77, 2, 'Conference/Event Organiser', 72, 1609349288, 1, 1609349288, 1, 0),
(78, 2, 'Conservator/Restorer', 73, 1609349288, 1, 1609349288, 1, 0),
(79, 2, 'Consulting Engineer', 74, 1609349288, 1, 1609349288, 1, 0),
(80, 2, 'Counsellor', 75, 1609349288, 1, 1609349288, 1, 0),
(81, 2, 'Credit Analyst', 76, 1609349288, 1, 1609349288, 1, 0),
(82, 2, 'Curator', 77, 1609349288, 1, 1609349288, 1, 0),
(83, 2, 'Customs Officer', 78, 1609349288, 1, 1609349288, 1, 0),
(84, 2, 'Database Administrator', 79, 1609349288, 1, 1609349288, 1, 0),
(85, 2, 'Defence Forces', 80, 1609349288, 1, 1609349288, 1, 0),
(86, 2, 'Dentist', 81, 1609349288, 1, 1609349288, 1, 0),
(87, 2, 'Designer, Industrial Products', 82, 1609349288, 1, 1609349288, 1, 0),
(88, 2, 'Designer/Maker', 83, 1609349288, 1, 1609349288, 1, 0),
(89, 2, 'Dietician/Nutritionist', 84, 1609349288, 1, 1609349288, 1, 0),
(90, 2, 'Diplomat', 85, 1609349288, 1, 1609349288, 1, 0),
(91, 2, 'Doctor/Gp', 86, 1609349288, 1, 1609349288, 1, 0),
(92, 2, 'Economist', 87, 1609349288, 1, 1609349288, 1, 0),
(93, 2, 'Editor', 88, 1609349288, 1, 1609349288, 1, 0),
(94, 2, 'Electrical Engineer', 89, 1609349288, 1, 1609349288, 1, 0),
(95, 2, 'Electronic Engineer', 90, 1609349288, 1, 1609349288, 1, 0),
(96, 2, 'Emergency Medical Technician (Paramedic)', 91, 1609349288, 1, 1609349288, 1, 0),
(97, 2, 'Engineer, Manufacturing And Production', 92, 1609349288, 1, 1609349288, 1, 0),
(98, 2, 'Engineer, Quality', 93, 1609349288, 1, 1609349288, 1, 0),
(99, 2, 'Environmental Health Officer', 94, 1609349288, 1, 1609349288, 1, 0),
(100, 2, 'Ergonomist', 95, 1609349288, 1, 1609349288, 1, 0),
(101, 2, 'Estate Agent', 96, 1609349288, 1, 1609349288, 1, 0),
(102, 2, 'Exhibition Organiser/Event Manager', 97, 1609349288, 1, 1609349288, 1, 0),
(103, 2, 'Farm Manager', 98, 1609349288, 1, 1609349288, 1, 0),
(104, 2, 'Fashion Designer', 99, 1609349288, 1, 1609349288, 1, 0),
(105, 2, 'Field Trials Officer', 100, 1609349288, 1, 1609349288, 1, 0),
(106, 2, 'Film/Tv Producer', 101, 1609349288, 1, 1609349288, 1, 0),
(107, 2, 'Financial Accountant', 102, 1609349288, 1, 1609349288, 1, 0),
(108, 2, 'Financial Regulator', 103, 1609349288, 1, 1609349288, 1, 0),
(109, 2, 'Fine Artist', 104, 1609349288, 1, 1609349288, 1, 0),
(110, 2, 'Firefighter', 105, 1609349288, 1, 1609349288, 1, 0),
(111, 2, 'Fitness/Leisure Centre Manager', 106, 1609349288, 1, 1609349288, 1, 0),
(112, 2, 'Forensic Scientist', 107, 1609349288, 1, 1609349288, 1, 0),
(113, 2, 'Forestry Management', 108, 1609349288, 1, 1609349288, 1, 0),
(114, 2, 'Fundraising Manager (Charity)', 109, 1609349288, 1, 1609349288, 1, 0),
(115, 2, 'Furniture Designer', 110, 1609349288, 1, 1609349288, 1, 0),
(116, 2, 'Geologist, Engineering', 111, 1609349288, 1, 1609349288, 1, 0),
(117, 2, 'Geophysicist, Exploration', 112, 1609349288, 1, 1609349288, 1, 0),
(118, 2, 'Graphic Designer', 113, 1609349288, 1, 1609349288, 1, 0),
(119, 2, 'Guidance Counsellor, Second Level', 114, 1609349288, 1, 1609349288, 1, 0),
(120, 2, 'Health And Safety Inspector', 115, 1609349288, 1, 1609349288, 1, 0),
(121, 2, 'Health Education/Promotion Officer', 116, 1609349288, 1, 1609349288, 1, 0),
(122, 2, 'Horticultural Consultant', 117, 1609349288, 1, 1609349288, 1, 0),
(123, 2, 'Hotel Manager', 118, 1609349288, 1, 1609349288, 1, 0),
(124, 2, 'Housing Manager/Officer', 119, 1609349288, 1, 1609349288, 1, 0),
(125, 2, 'Human Resources Manager', 120, 1609349288, 1, 1609349288, 1, 0),
(126, 2, 'Illustrator', 121, 1609349288, 1, 1609349288, 1, 0),
(127, 2, 'Immigration Officer, Passport Control', 122, 1609349288, 1, 1609349288, 1, 0),
(128, 2, 'Information Officer', 123, 1609349288, 1, 1609349288, 1, 0),
(129, 2, 'Insurance Broker, Sales', 124, 1609349288, 1, 1609349288, 1, 0),
(130, 2, 'Interior Designer', 125, 1609349288, 1, 1609349288, 1, 0),
(131, 2, 'Interpreter', 126, 1609349288, 1, 1609349288, 1, 0),
(132, 2, 'Investment Fund Administrator', 127, 1609349288, 1, 1609349288, 1, 0),
(133, 2, 'Investment Fund Manager', 128, 1609349288, 1, 1609349288, 1, 0),
(134, 2, 'It Project Manager', 129, 1609349288, 1, 1609349288, 1, 0),
(135, 2, 'Journalist', 130, 1609349288, 1, 1609349288, 1, 0),
(136, 2, 'Lecturer, Third Level', 131, 1609349288, 1, 1609349288, 1, 0),
(137, 2, 'Legal Executive', 132, 1609349288, 1, 1609349288, 1, 0),
(138, 2, 'Librarian', 133, 1609349288, 1, 1609349288, 1, 0),
(139, 2, 'Loss Adjuster, Chartered', 134, 1609349288, 1, 1609349288, 1, 0),
(140, 2, 'Make-Up Artist', 135, 1609349288, 1, 1609349288, 1, 0),
(141, 2, 'Management Accountant', 136, 1609349288, 1, 1609349288, 1, 0),
(142, 2, 'Management Consultant', 137, 1609349288, 1, 1609349288, 1, 0),
(143, 2, 'Manager, Health Service', 138, 1609349288, 1, 1609349288, 1, 0),
(144, 2, 'Market Researcher', 139, 1609349288, 1, 1609349288, 1, 0),
(145, 2, 'Marketing Executive', 140, 1609349288, 1, 1609349288, 1, 0),
(146, 2, 'Mechanical Engineer', 141, 1609349288, 1, 1609349288, 1, 0),
(147, 2, 'Media Buyer/Planner', 142, 1609349288, 1, 1609349288, 1, 0),
(148, 2, 'Medical Laboratory Scientist', 143, 1609349288, 1, 1609349288, 1, 0),
(149, 2, 'Meteorologist', 144, 1609349288, 1, 1609349288, 1, 0),
(150, 2, 'Microbiologist, Clinical', 145, 1609349288, 1, 1609349288, 1, 0),
(151, 2, 'Midwife', 146, 1609349288, 1, 1609349288, 1, 0),
(152, 2, 'Multimedia Designer', 147, 1609349288, 1, 1609349288, 1, 0),
(153, 2, 'Museum Education Officer', 148, 1609349288, 1, 1609349288, 1, 0),
(154, 2, 'Nature Conservation Officer', 149, 1609349288, 1, 1609349288, 1, 0),
(155, 2, 'Network Engineer', 150, 1609349288, 1, 1609349288, 1, 0),
(156, 2, 'Nurse', 151, 1609349288, 1, 1609349288, 1, 0),
(157, 2, 'Occupational Hygienist', 152, 1609349288, 1, 1609349288, 1, 0),
(158, 2, 'Occupational Psychologist', 153, 1609349288, 1, 1609349288, 1, 0),
(159, 2, 'Occupational Therapist', 154, 1609349288, 1, 1609349288, 1, 0),
(160, 2, 'Oceanographer', 155, 1609349288, 1, 1609349288, 1, 0),
(161, 2, 'Optometrist', 156, 1609349288, 1, 1609349288, 1, 0),
(162, 2, 'Patent Agent/Examiner', 157, 1609349288, 1, 1609349288, 1, 0),
(163, 2, 'Personal Assistant/Secretary', 158, 1609349288, 1, 1609349288, 1, 0),
(164, 2, 'Petroleum Engineer', 159, 1609349288, 1, 1609349288, 1, 0),
(165, 2, 'Pharmacist (Hospital)', 160, 1609349288, 1, 1609349288, 1, 0),
(166, 2, 'Pharmacologist', 161, 1609349288, 1, 1609349288, 1, 0),
(167, 2, 'Photographer', 162, 1609349288, 1, 1609349288, 1, 0),
(168, 2, 'Physicist', 163, 1609349288, 1, 1609349288, 1, 0),
(169, 2, 'Physiotherapist', 164, 1609349288, 1, 1609349288, 1, 0),
(170, 2, 'Picture Researcher/Editor', 165, 1609349288, 1, 1609349288, 1, 0),
(171, 2, 'Police Officer/An Garda Sochna', 166, 1609349288, 1, 1609349288, 1, 0),
(172, 2, 'Political Lobbyist', 167, 1609349288, 1, 1609349288, 1, 0),
(173, 2, 'Presenter, Radio And Television', 168, 1609349288, 1, 1609349288, 1, 0),
(174, 2, 'Print Production Manager/Assistant', 169, 1609349288, 1, 1609349288, 1, 0),
(175, 2, 'Printmaker', 170, 1609349288, 1, 1609349288, 1, 0),
(176, 2, 'Prison Officer', 171, 1609349288, 1, 1609349288, 1, 0),
(177, 2, 'Probation And Welfare Officer', 172, 1609349288, 1, 1609349288, 1, 0),
(178, 2, 'Production Manager/Planner', 173, 1609349288, 1, 1609349288, 1, 0),
(179, 2, 'Programmer/Software Developer', 174, 1609349288, 1, 1609349288, 1, 0),
(180, 2, 'Psychologist, Clinical', 175, 1609349288, 1, 1609349288, 1, 0),
(181, 2, 'Psychologist, Educational', 176, 1609349288, 1, 1609349288, 1, 0),
(182, 2, 'Psychologist, Sports', 177, 1609349288, 1, 1609349288, 1, 0),
(183, 2, 'Psychotherapist', 178, 1609349288, 1, 1609349288, 1, 0),
(184, 2, 'Public Relations Officer', 179, 1609349288, 1, 1609349288, 1, 0),
(185, 2, 'Quality Assurance Manager', 180, 1609349288, 1, 1609349288, 1, 0),
(186, 2, 'Quantity Surveyor', 181, 1609349288, 1, 1609349288, 1, 0),
(187, 2, 'Radio Production', 182, 1609349288, 1, 1609349288, 1, 0),
(188, 2, 'Radiographer, Diagnostic', 183, 1609349288, 1, 1609349288, 1, 0),
(189, 2, 'Radiographer, Therapeutic', 184, 1609349288, 1, 1609349288, 1, 0),
(190, 2, 'Records Manager', 185, 1609349288, 1, 1609349288, 1, 0),
(191, 2, 'Recruitment Consultant', 186, 1609349288, 1, 1609349288, 1, 0),
(192, 2, 'Recycling/Waste Disposal Officer', 187, 1609349288, 1, 1609349288, 1, 0),
(193, 2, 'Retail Banker', 188, 1609349288, 1, 1609349288, 1, 0),
(194, 2, 'Retail Buyer', 189, 1609349288, 1, 1609349288, 1, 0),
(195, 2, 'Retail Manager', 190, 1609349288, 1, 1609349288, 1, 0),
(196, 2, 'Retail Merchandiser', 191, 1609349288, 1, 1609349288, 1, 0),
(197, 2, 'Risk Manager', 192, 1609349288, 1, 1609349288, 1, 0),
(198, 2, 'Sales Executive', 193, 1609349288, 1, 1609349288, 1, 0),
(199, 2, 'Scientist, Industrial R&D', 194, 1609349288, 1, 1609349288, 1, 0),
(200, 2, 'Scientist, Quality Control', 195, 1609349288, 1, 1609349288, 1, 0),
(201, 2, 'Scientist, Research', 196, 1609349288, 1, 1609349288, 1, 0),
(202, 2, 'Social Researcher', 197, 1609349288, 1, 1609349288, 1, 0),
(203, 2, 'Social Worker', 198, 1609349288, 1, 1609349288, 1, 0),
(204, 2, 'Soil Scientist', 199, 1609349288, 1, 1609349288, 1, 0),
(205, 2, 'Solicitor', 200, 1609349288, 1, 1609349288, 1, 0),
(206, 2, 'Speech And Language Therapist', 201, 1609349288, 1, 1609349288, 1, 0),
(207, 2, 'Sports Development Officer', 202, 1609349288, 1, 1609349288, 1, 0),
(208, 2, 'Stage Manager, Theatre', 203, 1609349288, 1, 1609349288, 1, 0),
(209, 2, 'Statistician', 204, 1609349288, 1, 1609349288, 1, 0),
(210, 2, 'Stockbroker/Portfolio Manager', 205, 1609349288, 1, 1609349288, 1, 0),
(211, 2, 'Structural Engineer', 206, 1609349288, 1, 1609349288, 1, 0),
(212, 2, 'Systems Analyst/Business Analyst', 207, 1609349288, 1, 1609349288, 1, 0),
(213, 2, 'Tax Adviser/Consultant', 208, 1609349288, 1, 1609349288, 1, 0),
(214, 2, 'Tax Officer/Inspector', 209, 1609349288, 1, 1609349288, 1, 0),
(215, 2, 'Teacher', 210, 1609349288, 1, 1609349288, 1, 0),
(216, 2, 'Teacher, English As A Foreign Language', 211, 1609349288, 1, 1609349288, 1, 0),
(217, 2, 'Teacher, Learning Support', 212, 1609349288, 1, 1609349288, 1, 0),
(218, 2, 'Teacher, Primary Level', 213, 1609349288, 1, 1609349288, 1, 0),
(219, 2, 'Teacher, Second Level', 214, 1609349288, 1, 1609349288, 1, 0),
(220, 2, 'Teacher, Special Education', 215, 1609349288, 1, 1609349288, 1, 0),
(221, 2, 'Technical Sales', 216, 1609349288, 1, 1609349288, 1, 0),
(222, 2, 'Technical Sales Engineer', 217, 1609349288, 1, 1609349288, 1, 0),
(223, 2, 'Technical Support', 218, 1609349288, 1, 1609349288, 1, 0),
(224, 2, 'Telecommunications Engineer', 219, 1609349288, 1, 1609349288, 1, 0),
(225, 2, 'Theatre Lighting Technician', 220, 1609349288, 1, 1609349288, 1, 0),
(226, 2, 'Tourism Officer', 221, 1609349288, 1, 1609349288, 1, 0),
(227, 2, 'Town Planner', 222, 1609349288, 1, 1609349288, 1, 0),
(228, 2, 'Toxicologist', 223, 1609349288, 1, 1609349288, 1, 0),
(229, 2, 'Training And Development Officer/Manager', 224, 1609349288, 1, 1609349288, 1, 0),
(230, 2, 'Translator', 225, 1609349288, 1, 1609349288, 1, 0),
(231, 2, 'Transport/Logistics Manager', 226, 1609349288, 1, 1609349288, 1, 0),
(232, 2, 'Travel Agent', 227, 1609349288, 1, 1609349288, 1, 0),
(233, 2, 'Veterinary Surgeon/Nurse', 228, 1609349288, 1, 1609349288, 1, 0),
(234, 2, 'Web Developer', 229, 1609349288, 1, 1609349288, 1, 0),
(235, 2, 'Writer, Radio/Tv/Film', 230, 1609349288, 1, 1609349288, 1, 0),
(236, 2, 'Youth Worker', 231, 1609349288, 1, 1609349288, 1, 0);

-- --------------------------------------------------------

--
-- Table structure for table `_z_work_detail`
--

CREATE TABLE `_z_work_detail` (
  `id` int(10) UNSIGNED NOT NULL,
  `organization_id` int(10) UNSIGNED NOT NULL DEFAULT '1',
  `department_id` int(10) UNSIGNED NOT NULL DEFAULT '1',
  `designation_id` int(10) UNSIGNED NOT NULL DEFAULT '1',
  `from` varchar(4) COLLATE utf8mb4_unicode_ci DEFAULT NULL,
  `address_id` int(10) UNSIGNED NOT NULL DEFAULT '1',
  `created` int(10) UNSIGNED NOT NULL,
  `register_by` int(10) UNSIGNED NOT NULL,
  `modified` int(10) UNSIGNED NOT NULL,
  `modified_by` int(10) UNSIGNED NOT NULL,
  `record_deleted` tinyint(1) NOT NULL DEFAULT '0'
) ENGINE=InnoDB DEFAULT CHARSET=utf8mb4 COLLATE=utf8mb4_unicode_ci;

--
-- Dumping data for table `_z_work_detail`
--

INSERT INTO `_z_work_detail` (`id`, `organization_id`, `department_id`, `designation_id`, `from`, `address_id`, `created`, `register_by`, `modified`, `modified_by`, `record_deleted`) VALUES
(1, 1, 1, 1, NULL, 1, 1609349288, 1, 1609349288, 1, 0);

--
-- Indexes for dumped tables
--

--
-- Indexes for table `failed_jobs`
--
ALTER TABLE `failed_jobs`
  ADD PRIMARY KEY (`id`),
  ADD UNIQUE KEY `failed_jobs_uuid_unique` (`uuid`);

--
-- Indexes for table `migrations`
--
ALTER TABLE `migrations`
  ADD PRIMARY KEY (`id`);

--
-- Indexes for table `oauth_access_tokens`
--
ALTER TABLE `oauth_access_tokens`
  ADD PRIMARY KEY (`id`),
  ADD KEY `oauth_access_tokens_user_id_index` (`user_id`);

--
-- Indexes for table `oauth_auth_codes`
--
ALTER TABLE `oauth_auth_codes`
  ADD PRIMARY KEY (`id`),
  ADD KEY `oauth_auth_codes_user_id_index` (`user_id`);

--
-- Indexes for table `oauth_clients`
--
ALTER TABLE `oauth_clients`
  ADD PRIMARY KEY (`id`),
  ADD KEY `oauth_clients_user_id_index` (`user_id`);

--
-- Indexes for table `oauth_personal_access_clients`
--
ALTER TABLE `oauth_personal_access_clients`
  ADD PRIMARY KEY (`id`);

--
-- Indexes for table `oauth_refresh_tokens`
--
ALTER TABLE `oauth_refresh_tokens`
  ADD PRIMARY KEY (`id`),
  ADD KEY `oauth_refresh_tokens_access_token_id_index` (`access_token_id`);

--
-- Indexes for table `password_resets`
--
ALTER TABLE `password_resets`
  ADD KEY `password_resets_email_index` (`email`);

--
-- Indexes for table `personal_access_tokens`
--
ALTER TABLE `personal_access_tokens`
  ADD PRIMARY KEY (`id`),
  ADD UNIQUE KEY `personal_access_tokens_token_unique` (`token`),
  ADD KEY `personal_access_tokens_tokenable_type_tokenable_id_index` (`tokenable_type`,`tokenable_id`);

--
-- Indexes for table `sessions`
--
ALTER TABLE `sessions`
  ADD PRIMARY KEY (`id`),
  ADD KEY `sessions_user_id_index` (`user_id`),
  ADD KEY `sessions_last_activity_index` (`last_activity`);

--
-- Indexes for table `student_academic_record`
--
ALTER TABLE `student_academic_record`
  ADD PRIMARY KEY (`id`),
  ADD UNIQUE KEY `student_academic_record_student_id_academic_session_id_unique` (`student_id`,`academic_session_id`);

--
-- Indexes for table `student_emergency_contact`
--
ALTER TABLE `student_emergency_contact`
  ADD PRIMARY KEY (`id`),
  ADD KEY `student_emergency_contact_family_id_foreign` (`family_id`),
  ADD KEY `student_emergency_contact_relationship_id_foreign` (`relationship_id`),
  ADD KEY `student_emergency_contact_address_type_id_foreign` (`address_type_id`),
  ADD KEY `student_emergency_contact_address_id_foreign` (`address_id`);

--
-- Indexes for table `student_family`
--
ALTER TABLE `student_family`
  ADD PRIMARY KEY (`id`),
  ADD UNIQUE KEY `student_family_nic_unique` (`nic`),
  ADD UNIQUE KEY `student_family_card_code_unique` (`card_code`),
  ADD KEY `student_family_relationship_id_foreign` (`relationship_id`),
  ADD KEY `student_family_marital_status_id_foreign` (`marital_status_id`),
  ADD KEY `student_family_family_id_foreign` (`family_id`),
  ADD KEY `student_family_profession_id_foreign` (`profession_id`),
  ADD KEY `student_family_q1_foreign` (`q1`),
  ADD KEY `student_family_q2_foreign` (`q2`),
  ADD KEY `student_family_w1_foreign` (`w1`);

--
-- Indexes for table `student_family_id`
--
ALTER TABLE `student_family_id`
  ADD PRIMARY KEY (`id`),
  ADD UNIQUE KEY `student_family_id_family_code_unique` (`family_code`),
  ADD KEY `student_family_id_address_type_id_foreign` (`address_type_id`),
  ADD KEY `student_family_id_address_id_foreign` (`address_id`);

--
-- Indexes for table `student_register`
--
ALTER TABLE `student_register`
  ADD PRIMARY KEY (`id`),
  ADD UNIQUE KEY `student_register_reg_id_unique` (`reg_id`),
  ADD UNIQUE KEY `student_register_card_code_unique` (`card_code`),
  ADD KEY `student_register_family_id_foreign` (`family_id`);

--
-- Indexes for table `users`
--
ALTER TABLE `users`
  ADD PRIMARY KEY (`id`),
  ADD UNIQUE KEY `users_email_unique` (`email`);

--
-- Indexes for table `_z_address`
--
ALTER TABLE `_z_address`
  ADD PRIMARY KEY (`id`),
  ADD KEY `_z_address_country_id_foreign` (`country_id`);

--
-- Indexes for table `_z_address_type`
--
ALTER TABLE `_z_address_type`
  ADD PRIMARY KEY (`id`);

--
-- Indexes for table `_z_country`
--
ALTER TABLE `_z_country`
  ADD PRIMARY KEY (`id`),
  ADD UNIQUE KEY `_z_country_iso_unique` (`iso`),
  ADD UNIQUE KEY `_z_country_iso3_unique` (`iso3`);

--
-- Indexes for table `_z_country_city`
--
ALTER TABLE `_z_country_city`
  ADD PRIMARY KEY (`id`),
  ADD KEY `_z_country_city_province_id_foreign` (`province_id`);

--
-- Indexes for table `_z_country_province`
--
ALTER TABLE `_z_country_province`
  ADD PRIMARY KEY (`id`),
  ADD KEY `_z_country_province_country_id_foreign` (`country_id`);

--
-- Indexes for table `_z_country_region`
--
ALTER TABLE `_z_country_region`
  ADD PRIMARY KEY (`id`),
  ADD KEY `_z_country_region_city_id_foreign` (`city_id`);

--
-- Indexes for table `_z_country_subregion`
--
ALTER TABLE `_z_country_subregion`
  ADD PRIMARY KEY (`id`),
  ADD KEY `_z_country_subregion_region_id_foreign` (`region_id`);

--
-- Indexes for table `_z_family_relationship`
--
ALTER TABLE `_z_family_relationship`
  ADD PRIMARY KEY (`id`);

--
-- Indexes for table `_z_marital_status`
--
ALTER TABLE `_z_marital_status`
  ADD PRIMARY KEY (`id`);

--
-- Indexes for table `_z_qualification`
--
ALTER TABLE `_z_qualification`
  ADD PRIMARY KEY (`id`),
  ADD KEY `_z_qualification_level_id_foreign` (`level_id`),
  ADD KEY `_z_qualification_title_id_foreign` (`title_id`),
  ADD KEY `_z_qualification_institute_id_foreign` (`institute_id`);

--
-- Indexes for table `_z_single_category`
--
ALTER TABLE `_z_single_category`
  ADD PRIMARY KEY (`id`);

--
-- Indexes for table `_z_single_data`
--
ALTER TABLE `_z_single_data`
  ADD PRIMARY KEY (`id`),
  ADD KEY `_z_single_data_single_category_id_foreign` (`single_category_id`);

--
-- Indexes for table `_z_work_detail`
--
ALTER TABLE `_z_work_detail`
  ADD PRIMARY KEY (`id`),
  ADD KEY `_z_work_detail_address_id_foreign` (`address_id`),
  ADD KEY `_z_work_detail_organization_id_foreign` (`organization_id`),
  ADD KEY `_z_work_detail_department_id_foreign` (`department_id`),
  ADD KEY `_z_work_detail_designation_id_foreign` (`designation_id`);

--
-- AUTO_INCREMENT for dumped tables
--

--
-- AUTO_INCREMENT for table `failed_jobs`
--
ALTER TABLE `failed_jobs`
  MODIFY `id` bigint(20) UNSIGNED NOT NULL AUTO_INCREMENT;

--
-- AUTO_INCREMENT for table `migrations`
--
ALTER TABLE `migrations`
  MODIFY `id` int(10) UNSIGNED NOT NULL AUTO_INCREMENT, AUTO_INCREMENT=13;

--
-- AUTO_INCREMENT for table `oauth_clients`
--
ALTER TABLE `oauth_clients`
  MODIFY `id` bigint(20) UNSIGNED NOT NULL AUTO_INCREMENT, AUTO_INCREMENT=4;

--
-- AUTO_INCREMENT for table `oauth_personal_access_clients`
--
ALTER TABLE `oauth_personal_access_clients`
  MODIFY `id` bigint(20) UNSIGNED NOT NULL AUTO_INCREMENT, AUTO_INCREMENT=2;

--
-- AUTO_INCREMENT for table `personal_access_tokens`
--
ALTER TABLE `personal_access_tokens`
  MODIFY `id` bigint(20) UNSIGNED NOT NULL AUTO_INCREMENT;

--
-- AUTO_INCREMENT for table `student_academic_record`
--
ALTER TABLE `student_academic_record`
  MODIFY `id` int(10) UNSIGNED NOT NULL AUTO_INCREMENT;

--
-- AUTO_INCREMENT for table `student_emergency_contact`
--
ALTER TABLE `student_emergency_contact`
  MODIFY `id` int(10) UNSIGNED NOT NULL AUTO_INCREMENT, AUTO_INCREMENT=2;

--
-- AUTO_INCREMENT for table `student_family`
--
ALTER TABLE `student_family`
  MODIFY `id` int(10) UNSIGNED NOT NULL AUTO_INCREMENT, AUTO_INCREMENT=3;

--
-- AUTO_INCREMENT for table `student_family_id`
--
ALTER TABLE `student_family_id`
  MODIFY `id` int(10) UNSIGNED NOT NULL AUTO_INCREMENT, AUTO_INCREMENT=2;

--
-- AUTO_INCREMENT for table `student_register`
--
ALTER TABLE `student_register`
  MODIFY `id` int(10) UNSIGNED NOT NULL AUTO_INCREMENT, AUTO_INCREMENT=3;

--
-- AUTO_INCREMENT for table `users`
--
ALTER TABLE `users`
  MODIFY `id` bigint(20) UNSIGNED NOT NULL AUTO_INCREMENT, AUTO_INCREMENT=2;

--
-- AUTO_INCREMENT for table `_z_address`
--
ALTER TABLE `_z_address`
  MODIFY `id` int(10) UNSIGNED NOT NULL AUTO_INCREMENT, AUTO_INCREMENT=2;

--
-- AUTO_INCREMENT for table `_z_address_type`
--
ALTER TABLE `_z_address_type`
  MODIFY `id` int(10) UNSIGNED NOT NULL AUTO_INCREMENT, AUTO_INCREMENT=5;

--
-- AUTO_INCREMENT for table `_z_country`
--
ALTER TABLE `_z_country`
  MODIFY `id` int(10) UNSIGNED NOT NULL AUTO_INCREMENT, AUTO_INCREMENT=241;

--
-- AUTO_INCREMENT for table `_z_country_city`
--
ALTER TABLE `_z_country_city`
  MODIFY `id` int(10) UNSIGNED NOT NULL AUTO_INCREMENT, AUTO_INCREMENT=2;

--
-- AUTO_INCREMENT for table `_z_country_province`
--
ALTER TABLE `_z_country_province`
  MODIFY `id` int(10) UNSIGNED NOT NULL AUTO_INCREMENT, AUTO_INCREMENT=2;

--
-- AUTO_INCREMENT for table `_z_country_region`
--
ALTER TABLE `_z_country_region`
  MODIFY `id` int(10) UNSIGNED NOT NULL AUTO_INCREMENT, AUTO_INCREMENT=2;

--
-- AUTO_INCREMENT for table `_z_country_subregion`
--
ALTER TABLE `_z_country_subregion`
  MODIFY `id` int(10) UNSIGNED NOT NULL AUTO_INCREMENT, AUTO_INCREMENT=2;

--
-- AUTO_INCREMENT for table `_z_family_relationship`
--
ALTER TABLE `_z_family_relationship`
  MODIFY `id` int(10) UNSIGNED NOT NULL AUTO_INCREMENT, AUTO_INCREMENT=15;

--
-- AUTO_INCREMENT for table `_z_marital_status`
--
ALTER TABLE `_z_marital_status`
  MODIFY `id` int(10) UNSIGNED NOT NULL AUTO_INCREMENT, AUTO_INCREMENT=7;

--
-- AUTO_INCREMENT for table `_z_qualification`
--
ALTER TABLE `_z_qualification`
  MODIFY `id` int(10) UNSIGNED NOT NULL AUTO_INCREMENT, AUTO_INCREMENT=2;

--
-- AUTO_INCREMENT for table `_z_single_category`
--
ALTER TABLE `_z_single_category`
  MODIFY `id` int(10) UNSIGNED NOT NULL AUTO_INCREMENT, AUTO_INCREMENT=10;

--
-- AUTO_INCREMENT for table `_z_single_data`
--
ALTER TABLE `_z_single_data`
  MODIFY `id` int(10) UNSIGNED NOT NULL AUTO_INCREMENT, AUTO_INCREMENT=237;

--
-- AUTO_INCREMENT for table `_z_work_detail`
--
ALTER TABLE `_z_work_detail`
  MODIFY `id` int(10) UNSIGNED NOT NULL AUTO_INCREMENT, AUTO_INCREMENT=2;

--
-- Constraints for dumped tables
--

--
-- Constraints for table `student_academic_record`
--
ALTER TABLE `student_academic_record`
  ADD CONSTRAINT `student_academic_record_student_id_foreign` FOREIGN KEY (`student_id`) REFERENCES `student_register` (`id`);

--
-- Constraints for table `student_emergency_contact`
--
ALTER TABLE `student_emergency_contact`
  ADD CONSTRAINT `student_emergency_contact_address_id_foreign` FOREIGN KEY (`address_id`) REFERENCES `_z_address` (`id`),
  ADD CONSTRAINT `student_emergency_contact_address_type_id_foreign` FOREIGN KEY (`address_type_id`) REFERENCES `_z_address_type` (`id`),
  ADD CONSTRAINT `student_emergency_contact_family_id_foreign` FOREIGN KEY (`family_id`) REFERENCES `student_family_id` (`id`),
  ADD CONSTRAINT `student_emergency_contact_relationship_id_foreign` FOREIGN KEY (`relationship_id`) REFERENCES `_z_family_relationship` (`id`);

--
-- Constraints for table `student_family`
--
ALTER TABLE `student_family`
  ADD CONSTRAINT `student_family_family_id_foreign` FOREIGN KEY (`family_id`) REFERENCES `student_family_id` (`id`),
  ADD CONSTRAINT `student_family_marital_status_id_foreign` FOREIGN KEY (`marital_status_id`) REFERENCES `_z_marital_status` (`id`),
  ADD CONSTRAINT `student_family_profession_id_foreign` FOREIGN KEY (`profession_id`) REFERENCES `_z_single_data` (`id`),
  ADD CONSTRAINT `student_family_q1_foreign` FOREIGN KEY (`q1`) REFERENCES `_z_qualification` (`id`),
  ADD CONSTRAINT `student_family_q2_foreign` FOREIGN KEY (`q2`) REFERENCES `_z_qualification` (`id`),
  ADD CONSTRAINT `student_family_relationship_id_foreign` FOREIGN KEY (`relationship_id`) REFERENCES `_z_family_relationship` (`id`),
  ADD CONSTRAINT `student_family_w1_foreign` FOREIGN KEY (`w1`) REFERENCES `_z_work_detail` (`id`);

--
-- Constraints for table `student_family_id`
--
ALTER TABLE `student_family_id`
  ADD CONSTRAINT `student_family_id_address_id_foreign` FOREIGN KEY (`address_id`) REFERENCES `_z_address` (`id`),
  ADD CONSTRAINT `student_family_id_address_type_id_foreign` FOREIGN KEY (`address_type_id`) REFERENCES `_z_address_type` (`id`);

--
-- Constraints for table `student_register`
--
ALTER TABLE `student_register`
  ADD CONSTRAINT `student_register_family_id_foreign` FOREIGN KEY (`family_id`) REFERENCES `student_family_id` (`id`);

--
-- Constraints for table `_z_address`
--
ALTER TABLE `_z_address`
  ADD CONSTRAINT `_z_address_country_id_foreign` FOREIGN KEY (`country_id`) REFERENCES `_z_country` (`id`);

--
-- Constraints for table `_z_country_city`
--
ALTER TABLE `_z_country_city`
  ADD CONSTRAINT `_z_country_city_province_id_foreign` FOREIGN KEY (`province_id`) REFERENCES `_z_country_province` (`id`);

--
-- Constraints for table `_z_country_province`
--
ALTER TABLE `_z_country_province`
  ADD CONSTRAINT `_z_country_province_country_id_foreign` FOREIGN KEY (`country_id`) REFERENCES `_z_country` (`id`);

--
-- Constraints for table `_z_country_region`
--
ALTER TABLE `_z_country_region`
  ADD CONSTRAINT `_z_country_region_city_id_foreign` FOREIGN KEY (`city_id`) REFERENCES `_z_country_city` (`id`);

--
-- Constraints for table `_z_country_subregion`
--
ALTER TABLE `_z_country_subregion`
  ADD CONSTRAINT `_z_country_subregion_region_id_foreign` FOREIGN KEY (`region_id`) REFERENCES `_z_country_region` (`id`);

--
-- Constraints for table `_z_qualification`
--
ALTER TABLE `_z_qualification`
  ADD CONSTRAINT `_z_qualification_institute_id_foreign` FOREIGN KEY (`institute_id`) REFERENCES `_z_single_data` (`id`),
  ADD CONSTRAINT `_z_qualification_level_id_foreign` FOREIGN KEY (`level_id`) REFERENCES `_z_single_data` (`id`),
  ADD CONSTRAINT `_z_qualification_title_id_foreign` FOREIGN KEY (`title_id`) REFERENCES `_z_single_data` (`id`);

--
-- Constraints for table `_z_single_data`
--
ALTER TABLE `_z_single_data`
  ADD CONSTRAINT `_z_single_data_single_category_id_foreign` FOREIGN KEY (`single_category_id`) REFERENCES `_z_single_category` (`id`);

--
-- Constraints for table `_z_work_detail`
--
ALTER TABLE `_z_work_detail`
  ADD CONSTRAINT `_z_work_detail_address_id_foreign` FOREIGN KEY (`address_id`) REFERENCES `_z_address` (`id`),
  ADD CONSTRAINT `_z_work_detail_department_id_foreign` FOREIGN KEY (`department_id`) REFERENCES `_z_single_data` (`id`),
  ADD CONSTRAINT `_z_work_detail_designation_id_foreign` FOREIGN KEY (`designation_id`) REFERENCES `_z_single_data` (`id`),
  ADD CONSTRAINT `_z_work_detail_organization_id_foreign` FOREIGN KEY (`organization_id`) REFERENCES `_z_single_data` (`id`);
COMMIT;

/*!40101 SET CHARACTER_SET_CLIENT=@OLD_CHARACTER_SET_CLIENT */;
/*!40101 SET CHARACTER_SET_RESULTS=@OLD_CHARACTER_SET_RESULTS */;
/*!40101 SET COLLATION_CONNECTION=@OLD_COLLATION_CONNECTION */;
